year,branch,gender,type,tenth,twelve,higher_education,take_notes,prefer_tostudy,hoursstudy,time_relaxing,studymode,active_backlogs,backlog_history,participate_activities,attendance,cgpa,cgpaup,backlog,grade
4,CSE,Male,H,93,93,Maybe,No,Just before exam,0,>5 hours,Online Tutorials,4 & above,6,Occasionally,80-90,5,5,4,Low
4,CSE,Male,H,97,97.6,Maybe,Occasionally,Daily,1,2-5 hours,"Online Tutorials, Class notes, Textbook",0,0,Occasionally,above 90,9.27,9.27,0,Excellent
4,CSE,Male,D,88,94.2,Maybe,Occasionally,Just before exam,0,>5 hours,Class notes,0,4,Occasionally,80-90,6.2,6.2,0,Below_average
4,CSE,Male,D,88,96.7,Maybe,Yes,Daily,2,2-5 hours,"Online Tutorials, Class notes, Textbook",0,0,Always,above 90,7.36,7.36,0,Average
4,CSE,Male,H,97,93.5,No,No,Just before exam,0,>5 hours,"Online Tutorials, Class notes, Textbook",0,0,Occasionally,above 90,8.06,8.06,0,Good
4,CSE,Female,D,95,96.2,Yes,Yes,Daily,3,2-5 hours,"Online Tutorials, Class notes",0,0,Always,above 90,9.14,9.14,0,Excellent
4,CSE,Male,D,87,97,No,Yes,Just before exam,1,>5 hours,"Online Tutorials, Class notes",0,0,Never,80-90,7.3,7.3,0,Average
4,ECE,Male,H,88,83.2,Yes,Occasionally,Just before exam,0,2-5 hours,"Online Tutorials, Class notes, Textbook",4 & above,8,Occasionally,80-90,5,5,4,Low
4,ECE,Male,H,99,99,Maybe,Yes,Daily,3,<2 hours,"Online Tutorials, Class notes, Textbook",4 & above,5,Always,above 90,5.08,5.08,4,Low
4,CSE,Male,D,92,87,No,No,Just before exam,0,>5 hours,"Online Tutorials, Class notes",0,1,Occasionally,80-90,6.46,6.46,0,Below_average
4,CSE,Male,H,93,94.7,Maybe,Occasionally,Just before exam,1,>5 hours,Class notes,0,0,Occasionally,80-90,6.2,6.2,0,Below_average
4,CSE,Female,H,100,93.2,Maybe,No,Just before exam,0,>5 hours,"Online Tutorials, Class notes, Textbook",0,0,Occasionally,80-90,9.53,9.53,0,Excellent
4,CSE,Male,H,90,85,Maybe,No,Just before exam,1,<2 hours,Class notes,0,0,Occasionally,80-90,6,6,0,Below_average
4,CSE,Male,H,95,96.4,Yes,Yes,Daily,1,2-5 hours,"Online Tutorials, Class notes, Textbook",0,0,Occasionally,above 90,9.83,9.83,0,Excellent
4,CSE,Male,D,98,96.7,Yes,Yes,Just before exam,0,2-5 hours,"Online Tutorials, Class notes",0,0,Always,80-90,9.06,9.06,0,Excellent
4,CSE,Female,H,92,97,Yes,Occasionally,Just before exam,0,>5 hours,"Online Tutorials, Class notes",0,6,Occasionally,80-90,5.95,5.95,0,Low
4,EIE,Female,H,95.9,98,Maybe,Yes,Just before exam,0,2-5 hours,Class notes,0,0,Always,above 90,8.6,8.6,0,Excellent
4,CSE,Male,H,95,96.9,Yes,Occasionally,Just before exam,1,>5 hours,"Class notes, Textbook",0,0,Always,75-80,9.34,9.34,0,Excellent
4,CSE,Male,H,92,95.6,Yes,Yes,Just before exam,1,<2 hours,Class notes,0,0,Occasionally,above 90,6.8,6.8,0,Average
4,CSE,Male,H,88,91.5,Maybe,No,Just before exam,1,>5 hours,"Online Tutorials, Class notes",0,1,Never,above 90,6.51,6.51,0,Average
4,MEE,Male,H,99.97,99.97,No,No,Just before exam,0,>5 hours,Class notes,1,1,Occasionally,75-80 %,7.95,7.95,1,Average
4,CSE,Female,D,87,93,Maybe,Yes,Just before exam,0,2-5 hours,"Online Tutorials, Class notes",0,1,Never,80-90,7.4,7.4,0,Average
4,CSE,Female,D,95,91,Maybe,Yes,Just before exam,1,2-5 hours,"Online Tutorials, Class notes, Textbook",0,0,Occasionally,above 90,8.09,8.09,0,Good
4,ECE,Male,H,95,96.9,Maybe,Occasionally,Just before exam,0,>5 hours,"Online Tutorials, Class notes",0,0,Occasionally,80-90 %,7.47,7.47,0,Average
4,CSE,Male,D,96,86,Yes,Yes,Just before exam,1,>5 hours,Class notes,0,0,Always,above 90 %,8.3,8.3,0,Good
4,CSE,Male,H,95,85,Maybe,No,Just before exam,0,>5 hours,Class notes,1,12,Never,75-80 %,5.8,5.8,1,Low
4,MEE,Male,D,80,69,No,No,Just before exam,0,>5 hours,Class notes,4 & above,10,Never,75-80 %,1,1,4,Low
4,CSE,Male,H,85,89,Maybe,No,Just before exam,0,>5 hours,"Online Tutorials, Class notes",0,0,Always,75-80 %,7.2,7.2,0,Average
4,CSE,Male,D,91.5,82.7,Yes,Yes,Just before exam,0,>5 hours,Online Tutorials,0,0,Occasionally,80-90 %,8.2,8.2,0,Good
4,CSE,Male,H,92,88.8,Yes,No,Just before exam,0,>5 hours,"Online Tutorials, Class notes, Textbook",0,1,Occasionally,75-80 %,5.98,5.98,0,Low
4,CSE,Female,H,65,91.9,Yes,Occasionally,Just before exam,0,>5 hours,Class notes,0,0,Always,80-90 %,6.59,6.59,0,Average
4,CSE,Male,H,69,69,Yes,No,Just before exam,0,>5 hours,Class notes,0,0,Occasionally,80-90 %,9.98,9.98,0,Excellent
4,CSE,Female,H,97,97.1,Maybe,Yes,Just before exam,2,2-5 hours,"Online Tutorials, Class notes, Textbook",0,0,Occasionally,above 90 %,8.82,8.82,0,Excellent
4,CSE,Male,H,93,94.3,Yes,Yes,Just before exam,0,>5 hours,Class notes,0,0,Occasionally,above 90 %,7.44,7.44,0,Average
4,CSE,Male,H,95,96.7,Yes,Occasionally,Just before exam,1,>5 hours,"Online Tutorials, Class notes",0,0,Always,above 90 %,7.52,7.52,0,Good
4,CSE,Male,D,89.5,90.2,Yes,Occasionally,Just before exam,2,2-5 hours,"Class notes, Textbook",0,0,Occasionally,80-90 %,8.67,8.67,0,Excellent
4,ECE,Female,H,100,93.4,Maybe,Yes,Just before exam,1,2-5 hours,"Online Tutorials, Class notes",0,0,Occasionally,above 90 %,9.11,9.11,0,Excellent
4,CSE,Male,D,83,84,Maybe,Yes,Just before exam,1,2-5 hours,Textbook,4 & above,11,Never,80-90 %,5.07,5.07,4,Low
4,EIE,Female,H,84,78.6,No,Yes,Just before exam,1,2-5 hours,"Online Tutorials, Class notes",0,0,Always,80-90 %,7.15,7.15,0,Average
4,CSE,Female,D,98,96,Maybe,Yes,Just before exam,1,2-5 hours,"Online Tutorials, Class notes, Textbook",0,0,Occasionally,80-90 %,7.96,7.96,0,Good
4,EIE,Female,H,93,94,No,Yes,Just before exam,1,2-5 hours,Class notes,0,0,Always,above 90 %,6.96,6.96,0,Average
4,ECE,Female,H,98,97.1,No,Yes,Just before exam,1,2-5 hours,"Online Tutorials, Class notes, Textbook",0,0,Occasionally,above 90 %,8.35,8.35,0,Good
4,CSE,Male,H,98,96,Maybe,Yes,Just before exam,1,2-5 hours,"Online Tutorials, Class notes",0,0,Occasionally,80-90 %,7.8,7.8,0,Good
4,CSE,Male,D,91.8,90.2,Maybe,No,Just before exam,0,>5 hours,"Online Tutorials, Class notes",0,0,Occasionally,75-80 %,8.25,8.25,0,Good
4,CSE,Male,D,95,93,Yes,No,Just before exam,3,>5 hours,Online Tutorials,2,18,Occasionally,80-90 %,5.3,5.3,2,Low
4,CSE,Male,H,100,98,Yes,No,Just before exam,1,>5 hours,Class notes,0,10,Never,75-80 %,6.8,6.8,0,Average
4,CSE,Female,H,98,98.3,No,Yes,Just before exam,0,>5 hours,"Class notes, Textbook",0,0,Occasionally,above 90 %,9.3,9.3,0,Excellent
4,MEE,Male,D,97,79.4,Yes,Occasionally,Just before exam,2,>5 hours,Class notes,4 & above,4,Occasionally,75-80 %,3.8,3.8,4,Low
4,MEE,Male,H,100,72,Maybe,Occasionally,Just before exam,1,2-5 hours,Class notes,4 & above,4,Occasionally,80-90 %,5.67,5.67,4,Low
4,EEE,Male,H,90,90.4,Maybe,No,Just before exam,0,>5 hours,Class notes,4 & above,11,Occasionally,80-90 %,5.2,5.2,4,Low
4,CSE,Male,D,92.83,89.33,Yes,No,Just before exam,0,2-5 hours,"Class notes, Textbook",0,0,Occasionally,75-80 %,9.2,9.2,0,Excellent
4,CSE,Female,H,95,94.2,Maybe,Yes,Just before exam,2,>5 hours,"Online Tutorials, Class notes",0,1,Occasionally,80-90 %,7.2,7.2,0,Average
4,ECE,Male,H,97,74,Maybe,Occasionally,Just before exam,1,>5 hours,"Online Tutorials, Class notes, Textbook",1,3,Always,75-80 %,7.2,7.2,1,Below_average
4,MEE,Male,D,97,95.6,Yes,Occasionally,Just before exam,0,>5 hours,Online Tutorials,0,0,Never,75-80 %,7.29,7.29,0,Average
4,CSE,Male,H,95,93,Maybe,Occasionally,Just before exam,0,>5 hours,Class notes,0,0,Always,75-80 %,6.28,6.28,0,Below_average
4,CSE,Male,D,100,92,Yes,Occasionally,Just before exam,3,>5 hours,Class notes,4 & above,18,Occasionally,75-80 %,5,5,4,Low
4,ECE,Male,D,92,94.2,Maybe,No,Just before exam,0,>5 hours,Online Tutorials,4 & above,7,Never,75-80 %,5.5,5.5,4,Low
4,CSE,Male,H,70,97.4,Yes,Occasionally,Just before exam,1,2-5 hours,Class notes,0,0,Occasionally,80-90 %,6.4,6.4,0,Below_average
4,ECE,Male,H,100,97,Maybe,Yes,Just before exam,0,>5 hours,"Class notes, Textbook",0,0,Occasionally,80-90 %,8.06,8.06,0,Good
4,CSE,Male,D,93,93,Yes,No,Just before exam,0,>5 hours,"Online Tutorials, Class notes",0,0,Always,75-80 %,7.3,7.3,0,Average
4,CSE,Male,D,88,94,Yes,No,Just before exam,0,<2 hours,Class notes,0,0,Always,80-90 %,6.7,6.7,0,Average
4,CSE,Female,D,95,96.2,Yes,Yes,Daily,3,2-5 hours,"Online Tutorials, Class notes",0,0,Always,above 90 %,9.14,9.14,0,Excellent
4,EIE,Female,H,97,97.9,Yes,Occasionally,Just before exam,0,>5 hours,"Online Tutorials, Class notes",0,0,Occasionally,above 90 %,8.9,8.9,0,Excellent
1,ECE,Male,H,84.4,92.7,Yes,Yes,Just before exam,0,>5 hours,Class notes,1,4,Never,80-90 %,6.13,6.13,1,Below_average
4,CSE,Female,D,89.5,89.5,Maybe,Yes,Just before exam,2,<2 hours,"Online Tutorials, Class notes, Textbook",0,0,Always,80-90 %,7.77,7.77,0,Good
4,CSE,Female,H,92,87,Yes,Occasionally,Just before exam,0,>5 hours,"Online Tutorials, Class notes",3,3,Occasionally,75-80 %,5.2,5.2,3,Low
4,CSE,Female,H,95,90,Yes,Yes,Just before exam,2,>5 hours,"Class notes, Textbook",3,2,Occasionally,80-90 %,5.5,5.5,3,Low
4,CSE,Male,H,93,94.7,Maybe,Occasionally,Daily,1,2-5 hours,"Online Tutorials, Class notes, Textbook",0,0,Never,80-90 %,8.39,8.39,0,Good
1,ECE,Male,H,84.4,92.7,Yes,Yes,Just before exam,0,>5 hours,Class notes,1,4,Never,80-90 %,6.13,6.13,1,Below_average
4,ECE,Female,H,97,94.7,Yes,Yes,Daily,2,<2 hours,Textbook,0,0,Occasionally,above 90 %,8.08,8.08,0,Good
3,CSE,Female,H,99,99,No,No,Just before exam,0,>5 hours,Textbook,0,0,Never,above 90 %,9.3,9.3,0,Excellent
4,ECE,Male,H,100,94.8,Maybe,No,Just before exam,0,>5 hours,Class notes,0,0,Occasionally,80-90 %,7.03,7.03,0,Average
3,CSE,Female,D,93,97.3,Maybe,Yes,Daily,2,2-5 hours,"Class notes, Textbook",0,0,Never,above 90 %,7.16,7.16,0,Average
3,CSE,Female,D,93,97.3,Maybe,Yes,Daily,2,2-5 hours,"Class notes, Textbook",0,0,Never,above 90 %,7.16,7.16,0,Average
4,ECE,Female,H,92,92,Yes,Occasionally,Just before exam,1,>5 hours,Class notes,0,1,Occasionally,80-90 %,6.31,6.31,0,Below_average
4,ECE,Female,H,97,97.4,No,Yes,Daily,1,>5 hours,Class notes,0,0,Occasionally,80-90 %,9.03,9.03,0,Excellent
3,CSE,Male,H,93.1,89.4,Yes,No,Just before exam,0,>5 hours,Class notes,0,0,Occasionally,75-80 %,7.73,7.73,0,Good
3,CSE,Female,H,95,76,No,Yes,Just before exam,1,2-5 hours,"Online Tutorials, Class notes, Textbook",0,0,Never,above 90 %,7.7,7.7,0,Good
3,CSE,Male,H,92,87,No,Yes,Daily,1,<2 hours,"Online Tutorials, Class notes, Textbook",0,0,Occasionally,80-90 %,7,7,0,Average
3,CSE,Male,D,89.3,74,No,Occasionally,Just before exam,1,2-5 hours,"Online Tutorials, Class notes",0,0,Occasionally,above 90 %,7.12,7.12,0,Average
3,CSE,Male,D,89.3,74,No,Occasionally,Just before exam,1,2-5 hours,"Online Tutorials, Class notes",0,0,Occasionally,above 90 %,7.12,7.12,0,Average
3,CSE,Male,D,93,93,No,Yes,Just before exam,1,2-5 hours,"Online Tutorials, Class notes, Textbook",0,0,Never,80-90 %,7.4,7.4,0,Average
3,CSE,Female,H,93,94.9,No,Occasionally,Just before exam,0,2-5 hours,Textbook,0,0,Occasionally,75-80 %,8.95,8.95,0,Excellent
3,CSE,Female,H,93,97.6,No,Yes,Just before exam,0,<2 hours,"Online Tutorials, Class notes, Textbook",0,0,Occasionally,above 90 %,8.04,8.04,0,Good
3,CSE,Male,H,92,94.5,Yes,Yes,Daily,1,2-5 hours,"Online Tutorials, Class notes",0,0,Occasionally,above 90 %,7.15,7.15,0,Average
3,Other,Female,D,80,90,Yes,Yes,Just before exam,0,>5 hours,"Online Tutorials, Class notes",0,0,Occasionally,80-90 %,8.9,8.9,0,Excellent
2,MEE,Female,D,88,97,Yes,Occasionally,Just before exam,0,>5 hours,Online Tutorials,0,0,Always,75-80 %,7.8,7.8,0,Good
2,MEE,Female,H,89,90,Maybe,No,Just before exam,0,>5 hours,"Online Tutorials, Class notes, Textbook",0,0,Always,75-80 %,8.9,8.9,0,Excellent
4,MEE,Male,D,9.8,79,Yes,Occasionally,Just before exam,0,>5 hours,Class notes,4 & above,16,Occasionally,75-80 %,4,4,4,Low
4,CSE,Male,H,9.3,83.4,Maybe,No,Just before exam,0,>5 hours,Online Tutorials,0,1,Always,above 90 %,7,7,0,Average
4,CSE,Male,D,90,92,Yes,No,Just before exam,2,2-5 hours,"Online Tutorials, Textbook",0,0,Occasionally,75-80 %,8.01,8.01,0,Good
4,MEE,Male,H,95,96.7,Maybe,Yes,Just before exam,1,2-5 hours,"Online Tutorials, Class notes",0,0,Occasionally,75-80 %,8.4,8.4,0,Good
4,MEE,Male,D,9.2,84.7,No,Occasionally,Just before exam,0,2-5 hours,"Online Tutorials, Class notes",1,5,Occasionally,75-80 %,6.8,6.8,1,Below_average
4,EEE,Male,H,100,96.2,Maybe,No,Just before exam,0,>5 hours,Class notes,0,0,Occasionally,75-80 %,7.81,7.81,0,Good
4,MEE,Female,H,100,97.5,Yes,Yes,Just before exam,3,2-5 hours,"Class notes, Textbook",0,0,Always,80-90 %,9,9,0,Excellent
4,ECE,Male,H,100,97,Maybe,Yes,Just before exam,0,>5 hours,Textbook,0,0,Occasionally,75-80 %,8.06,8.06,0,Good
4,MEE,Male,D,92,97.6,Maybe,Yes,Just before exam,0,>5 hours,Class notes,0,0,Occasionally,80-90 %,7.73,7.73,0,Good
4,MEE,Male,H,93,93,Yes,Occasionally,Just before exam,1,2-5 hours,"Class notes, Textbook",0,0,Occasionally,80-90 %,6.9,6.9,0,Average
4,MEE,Female,H,90,96.4,Yes,Yes,Just before exam,0,>5 hours,Class notes,0,0,Occasionally,80-90 %,8,8,0,Good
3,Other,Male,H,96,92,Yes,Occasionally,Daily,3,>5 hours,Textbook,0,0,Occasionally,75-80 %,6.6,6.6,0,Average
4,MEE,Male,H,92,94.8,No,No,Just before exam,1,>5 hours,"Online Tutorials, Class notes",0,0,Occasionally,75-80 %,8.5,8.5,0,Excellent
3,Other,Male,D,80,75,Yes,Occasionally,Just before exam,0,2-5 hours,"Online Tutorials, Class notes, Textbook",1,1,Always,75-80 %,6.4,6.4,1,Below_average
4,CSE,Male,D,100,65,No,Occasionally,Just before exam,2,2-5 hours,Textbook,0,0,Occasionally,above 90 %,8,8,0,Good
4,MEE,Male,D,93,90.8,Maybe,Occasionally,Just before exam,0,>5 hours,Class notes,0,0,Occasionally,75-80 %,7.68,7.68,0,Good
4,MEE,Male,D,92,77,Maybe,Yes,Just before exam,3,>5 hours,"Online Tutorials, Class notes, Textbook",0,0,Always,80-90 %,8.1,8.1,0,Good
4,ECE,Male,H,88,83.2,Yes,Occasionally,Just before exam,1,>5 hours,Class notes,4 & above,14,Occasionally,80-90 %,5,5,4,Low
4,MEE,Male,D,92,77,Maybe,Yes,Just before exam,3,>5 hours,"Online Tutorials, Class notes, Textbook",0,0,Always,80-90 %,8.1,8.1,0,Good
4,ECE,Male,D,86.7,94.5,Yes,Occasionally,Just before exam,1,>5 hours,"Class notes, Textbook",0,0,Occasionally,80-90 %,8.08,8.08,0,Good
4,MEE,Male,H,95,96,Maybe,No,Just before exam,1,2-5 hours,Class notes,0,0,Never,80-90 %,8.5,8.5,0,Excellent
4,ECE,Male,H,9.5,96.9,Maybe,Occasionally,Just before exam,0,2-5 hours,"Online Tutorials, Class notes",0,0,Occasionally,80-90 %,7.47,7.47,0,Average
4,ECE,Female,H,8.6,860,No,Yes,Daily,1,2-5 hours,Class notes,4 & above,5,Occasionally,80-90 %,5,5,4,Low
4,ECE,Male,H,82,90.6,Yes,No,Daily,1,>5 hours,"Online Tutorials, Class notes, Textbook",0,13,Occasionally,above 90 %,6.4,6.4,0,Below_average
4,ECE,Male,H,82,85.3,Maybe,Occasionally,Just before exam,0,>5 hours,"Class notes, Textbook",0,1,Occasionally,80-90 %,6.56,6.56,0,Average
4,CSE,Male,D,10,95,Yes,Yes,Just before exam,2,2-5 hours,"Online Tutorials, Class notes",0,0,Never,above 90 %,10,10,0,Excellent
4,ECE,Male,H,88,94.5,Yes,Occasionally,Just before exam,1,2-5 hours,"Class notes, Textbook",0,3,Occasionally,80-90 %,6,6,0,Below_average
4,Other,Male,D,82,70,Yes,Yes,Just before exam,0,>5 hours,Class notes,0,1,Occasionally,above 90 %,7.4,7.4,0,Average
4,MEE,Female,H,100,92.8,Maybe,Occasionally,Just before exam,1,2-5 hours,"Online Tutorials, Class notes",0,0,Occasionally,80-90 %,7.89,7.89,0,Good
4,CSE,Male,D,90,95,No,Yes,Just before exam,2,>5 hours,Online Tutorials,0,0,Occasionally,80-90 %,8.5,8.5,0,Excellent
4,ECE,Male,D,98,95,Yes,Yes,Daily,1,2-5 hours,"Online Tutorials, Class notes, Textbook",0,0,Occasionally,above 90 %,8.16,8.16,0,Good
4,MEE,Male,H,95,94.5,Yes,Yes,Daily,2,2-5 hours,Textbook,0,0,Always,75-80 %,8,8,0,Good
4,CSE,Male,D,10,95,Yes,Yes,Just before exam,2,2-5 hours,"Online Tutorials, Class notes",0,0,Never,above 90 %,10,10,0,Excellent
4,CSE,Male,D,92,87.7,Yes,No,Just before exam,0,>5 hours,Class notes,1,0,Occasionally,80-90 %,6.28,6.28,1,Below_average
4,MEE,Male,D,97,96,Yes,Occasionally,Just before exam,0,>5 hours,Online Tutorials,0,0,Never,75-80 %,7.3,7.3,0,Average
4,ECE,Male,D,98,95,Yes,Yes,Daily,1,2-5 hours,"Online Tutorials, Class notes, Textbook",0,0,Occasionally,above 90 %,8.16,8.16,0,Good
4,ECE,Female,D,9.2,89,Yes,No,Just before exam,0,>5 hours,"Class notes, Textbook",2,6,Never,80-90 %,5.4,5.4,2,Low
4,MEE,Male,D,93,90.8,Maybe,Occasionally,Just before exam,0,>5 hours,Class notes,0,0,Occasionally,75-80 %,7.68,7.68,0,Good
4,CSE,Male,H,98,96.6,Yes,Occasionally,Just before exam,1,>5 hours,"Online Tutorials, Class notes, Textbook",0,0,Occasionally,above 90 %,9.01,9.01,0,Excellent
4,CSE,Female,H,98,94.5,Maybe,Occasionally,Just before exam,1,2-5 hours,Class notes,0,1,Occasionally,75-80 %,7,7,0,Average
4,CSE,Female,H,9.7,97.8,Maybe,No,Just before exam,0,>5 hours,Textbook,0,0,Occasionally,80-90 %,8,8,0,Good
4,CSE,Female,H,97,97,Maybe,Occasionally,Just before exam,1,2-5 hours,"Online Tutorials, Class notes, Textbook",0,0,Always,75-80 %,7.8,7.8,0,Good
4,ECE,Male,H,81,87,Yes,Occasionally,Just before exam,2,>5 hours,Online Tutorials,4 & above,0,Always,75-80 %,6.5,6.5,4,Low
4,CSE,Female,H,75,87,Maybe,Yes,Daily,2,2-5 hours,Textbook,0,0,Occasionally,75-80 %,81,8.1,0,Good
4,ECE,Male,H,88,93.2,Yes,Occasionally,Just before exam,1,2-5 hours,"Class notes, Textbook",0,0,Occasionally,75-80 %,7.54,7.54,0,Good
4,CSE,Male,D,88,86.2,Maybe,Occasionally,Just before exam,2,>5 hours,"Online Tutorials, Class notes, Textbook",3,7,Always,75-80 %,5.5,5.5,3,Low
4,ECE,Male,D,80,85,Yes,No,Just before exam,1,<2 hours,"Online Tutorials, Class notes, Textbook",0,0,Always,75-80 %,57,5.7,0,Low
4,ECE,Male,D,80,85,Yes,No,Just before exam,1,<2 hours,"Online Tutorials, Class notes, Textbook",0,0,Always,75-80 %,57,5.7,0,Low
4,ECE,Male,H,90,85.8,Yes,No,Just before exam,0,>5 hours,Class notes,0,11,Never,75-80 %,5.99,5.99,0,Low
4,CSE,Male,H,80,90,Maybe,Occasionally,Just before exam,2,2-5 hours,"Online Tutorials, Class notes",0,7,Never,80-90 %,5.8,5.8,0,Low
3,CSE,Female,H,95,95,Yes,Yes,Just before exam,1,2-5 hours,"Online Tutorials, Class notes, Textbook",0,0,Occasionally,above 90 %,7.4,7.4,0,Average
4,ECE,Female,D,97,96,Yes,Occasionally,Just before exam,3,<2 hours,Textbook,0,0,Occasionally,75-80 %,7.53,7.53,0,Good
4,Other,Male,D,83,80,Maybe,Yes,Daily,2,<2 hours,"Online Tutorials, Class notes",1,3,Occasionally,80-90 %,70,7,1,Below_average
4,CSE,Female,H,98,92,No,Occasionally,Just before exam,3,2-5 hours,"Online Tutorials, Class notes, Textbook",0,2,Occasionally,75-80 %,6.75,6.75,0,Average
4,CSE,Female,H,97,95,Maybe,Occasionally,Daily,1,>5 hours,Online Tutorials,0,0,Always,80-90 %,82,8.2,0,Good
4,CSE,Female,H,94,94,Maybe,Occasionally,Just before exam,1,<2 hours,Class notes,1,8,Always,75-80 %,6.8,6.8,1,Below_average
4,ECE,Male,D,83,81,Yes,Yes,Just before exam,2,2-5 hours,Class notes,0,0,Occasionally,80-90 %,7,7,0,Average
4,Other,Female,H,98,98,Yes,Yes,Just before exam,1,>5 hours,"Class notes, Textbook",0,0,Occasionally,80-90 %,7.87,7.87,0,Good
3,Other,Female,H,98,97.5,Yes,Yes,Just before exam,1,2-5 hours,Online Tutorials,0,0,Occasionally,above 90 %,9.34,9.34,0,Excellent
4,CSE,Female,D,9.8,97.6,Yes,No,Just before exam,1,>5 hours,Online Tutorials,0,0,Always,80-90 %,8.3,8.3,0,Good
4,ECE,Male,H,88,88.8,Yes,No,Just before exam,2,>5 hours,Class notes,0,1,Occasionally,75-80 %,6.94,6.94,0,Average
4,CSE,Female,H,90,92,Yes,Yes,Just before exam,1,>5 hours,Class notes,0,0,Always,80-90 %,6.2,6.2,0,Below_average
1,CSE,Male,H,93,95,Yes,Yes,Daily,2,2-5 hours,Textbook,0,0,Occasionally,80-90 %,8,8,0,Good
2,ECE,Female,H,98,96,Yes,Yes,Daily,2,2-5 hours,Textbook,0,0,Occasionally,80-90 %,8.9,8.9,0,Excellent
4,ECE,Male,D,91.25,94.7,Yes,Yes,Daily,1,<2 hours,"Online Tutorials, Class notes",0,0,Always,80-90 %,8.26,8.26,0,Good
4,EIE,Male,H,80,90,Yes,Yes,Daily,1,<2 hours,Online Tutorials,0,0,Always,80-90 %,7.5,7.5,0,Good
4,EEE,Female,H,92,92,Yes,Occasionally,Just before exam,1,>5 hours,Class notes,0,0,Always,above 90 %,6.8,6.8,0,Average
4,ECE,Male,D,9.3,9.4,Yes,Occasionally,Just before exam,0,2-5 hours,"Online Tutorials, Class notes",0,0,Occasionally,80-90 %,7.5,7.5,0,Good
4,CSE,Female,H,10,98.2,No,Yes,Just before exam,1,>5 hours,Textbook,0,0,Occasionally,80-90 %,8.25,8.25,0,Good
4,Other,Female,H,97,96,Maybe,Yes,Daily,1,<2 hours,"Online Tutorials, Class notes, Textbook",0,0,Always,75-80 %,7.5,7.5,0,Good
4,CSE,Female,H,95,97,Maybe,Occasionally,Just before exam,0,>5 hours,Class notes,0,0,Occasionally,75-80 %,7.9,7.9,0,Good
4,ECE,Female,H,93,95.7,Yes,Yes,Just before exam,1,2-5 hours,"Class notes, Textbook",0,0,Occasionally,80-90 %,7.4,7.4,0,Average
2,Other,Female,H,97,96,Yes,No,Just before exam,2,>5 hours,Online Tutorials,1,0,Occasionally,75-80 %,7,7,1,Below_average
4,CSE,Female,H,9.8,97.6,No,Occasionally,Just before exam,0,>5 hours,"Online Tutorials, Class notes, Textbook",0,0,Always,above 90 %,8,8,0,Good
4,CSE,Female,D,98,98,Maybe,Yes,Just before exam,0,2-5 hours,"Class notes, Textbook",0,0,Occasionally,above 90 %,8.5,8.5,0,Excellent
4,CSE,Male,D,78,90.7,No,Yes,Just before exam,1,2-5 hours,Class notes,0,1,Occasionally,above 90 %,6.36,6.36,0,Below_average
1,ECE,Male,D,10,98,Yes,Occasionally,Just before exam,0,2-5 hours,Online Tutorials,0,0,Always,75-80 %,8.3,8.3,0,Good
1,CSE,Male,D,10,95.2,Maybe,Occasionally,Just before exam,2,>5 hours,"Class notes, Textbook",0,0,Always,80-90 %,9.53,9.53,0,Excellent
3,Other,Male,D,96,97.6,Maybe,No,Just before exam,0,2-5 hours,"Online Tutorials, Textbook",0,0,Occasionally,75-80 %,6.9,6.9,0,Average
3,EEE,Male,H,9.7,98,No,Occasionally,Daily,1,2-5 hours,Textbook,0,0,Occasionally,75-80 %,8.1,8.1,0,Good
4,Other,Male,H,88,82,Maybe,Occasionally,Just before exam,0,>5 hours,Online Tutorials,2,19,Always,75-80 %,6,6,2,Low
3,EEE,Male,H,9.7,98,No,Occasionally,Daily,1,2-5 hours,Textbook,0,0,Occasionally,75-80 %,8.1,8.1,0,Good
3,Other,Male,D,88,90,Yes,Occasionally,Just before exam,1,2-5 hours,Class notes,0,0,Occasionally,75-80 %,7,7,0,Average
2,CSE,Male,D,90,97,Yes,No,Just before exam,3,2-5 hours,Online Tutorials,0,0,Always,75-80 %,8,8,0,Good
4,CSE,Female,H,9.3,96.7,Yes,Yes,Just before exam,2,2-5 hours,"Online Tutorials, Class notes, Textbook",0,1,Occasionally,80-90 %,7.13,7.13,0,Average
3,EIE,Male,D,85,90,Yes,Occasionally,Just before exam,1,2-5 hours,Class notes,0,0,Occasionally,80-90 %,6.8,6.8,0,Average
1,CSE,Male,H,9.8,95,Yes,Yes,Daily,1,2-5 hours,Online Tutorials,0,0,Occasionally,80-90 %,9,9,0,Excellent
2,EIE,Male,D,90,90,Maybe,Yes,Just before exam,1,2-5 hours,Class notes,0,0,Occasionally,80-90 %,7.8,7.8,0,Good
1,CSE,Female,D,95,90,Maybe,Occasionally,Just before exam,0,>5 hours,Online Tutorials,0,0,Occasionally,80-90 %,7.95,7.95,0,Good
1,CSE,Female,D,9.7,973,Maybe,Yes,Just before exam,2,2-5 hours,"Class notes, Textbook",0,0,Occasionally,80-90 %,9.48,9.48,0,Excellent
1,CSE,Male,D,9.7,97,Maybe,Yes,Daily,2,>5 hours,"Online Tutorials, Class notes",0,0,Occasionally,above 90 %,9.53,9.53,0,Excellent
1,Other,Female,D,10,97.5,Yes,Yes,Just before exam,2,<2 hours,"Online Tutorials, Class notes",0,0,Occasionally,above 90 %,9.42,9.42,0,Excellent
1,CSE,Female,D,95,98.1,Maybe,Yes,Daily,1,2-5 hours,Class notes,0,0,Occasionally,above 90 %,9.7,9.7,0,Excellent
3,EIE,Male,H,95,70.2,Yes,Yes,Daily,2,>5 hours,"Online Tutorials, Textbook",3,1,Never,75-80 %,6,6,3,Low
1,CSE,Male,H,90,96.8,Maybe,Occasionally,Just before exam,3,2-5 hours,Textbook,0,0,Always,80-90 %,7.6,7.6,0,Good
4,CSE,Female,D,89,90,Yes,Occasionally,Just before exam,1,2-5 hours,"Online Tutorials, Class notes",0,0,Always,80-90 %,7.59,7.59,0,Good
4,EEE,Female,H,97,97.5,No,Yes,Daily,1,>5 hours,"Online Tutorials, Class notes, Textbook",0,0,Always,80-90 %,8,8,0,Good
4,CSE,Female,H,85,94,Maybe,Yes,Just before exam,1,2-5 hours,Class notes,0,0,Never,above 90 %,7.26,7.26,0,Average
1,CSE,Male,H,95,96.4,Maybe,Occasionally,Just before exam,1,>5 hours,"Online Tutorials, Textbook",0,0,Occasionally,80-90 %,8.42,8.42,0,Good
1,CSE,Male,D,9.8,96,Maybe,Occasionally,Just before exam,2,>5 hours,Online Tutorials,0,0,Occasionally,75-80 %,8.3,8.3,0,Good
2,ECE,Male,H,90,96.7,Maybe,No,Just before exam,1,>5 hours,"Online Tutorials, Class notes",0,0,Occasionally,75-80 %,8,8,0,Good
1,CSE,Male,H,9.5,92.7,Yes,Occasionally,Just before exam,1,2-5 hours,"Online Tutorials, Class notes, Textbook",0,0,Occasionally,75-80 %,9,9,0,Excellent
1,CSE,Male,H,9.7,984,Yes,Occasionally,Just before exam,0,>5 hours,Online Tutorials,0,0,Never,80-90 %,9.1,9.1,0,Excellent
1,CSE,Male,D,100,95,Yes,Yes,Daily,3,2-5 hours,"Online Tutorials, Class notes, Textbook",0,0,Occasionally,above 90 %,9.89,9.89,0,Excellent
1,CSE,Male,D,90,90,Maybe,Occasionally,Just before exam,1,2-5 hours,Online Tutorials,0,0,Occasionally,above 90 %,9.03,9.03,0,Excellent
1,CSE,Female,D,9.2,96,Maybe,Yes,Just before exam,2,2-5 hours,"Online Tutorials, Class notes, Textbook",0,0,Occasionally,80-90 %,7.53,7.53,0,Good
1,CSE,Female,D,100,98,Yes,Yes,Daily,2,<2 hours,"Online Tutorials, Class notes",0,0,Occasionally,80-90 %,9.4,9.4,0,Excellent
4,MEE,Female,H,71.04,82.03,Maybe,Yes,Just before exam,2,>5 hours,"Class notes, Textbook",0,0,Never,above 90 %,91.04,9.104,0,Excellent
1,CSE,Female,D,10,92,Yes,Yes,Just before exam,2,<2 hours,"Online Tutorials, Class notes",1,1,Occasionally,above 90 %,4.9,4.9,1,Low
3,CSE,Female,H,98,98.1,No,Occasionally,Just before exam,1,2-5 hours,Online Tutorials,0,0,Occasionally,80-90 %,7.81,7.81,0,Good
1,CSE,Female,D,10,965,Maybe,Yes,Daily,2,>5 hours,"Class notes, Textbook",0,0,Occasionally,above 90 %,9.48,9.48,0,Excellent
3,CSE,Male,H,9.7,98.7,Maybe,Occasionally,Just before exam,0,>5 hours,Online Tutorials,0,0,Occasionally,75-80 %,8.1,8.1,0,Good
1,CSE,Male,H,93,97,Maybe,Yes,Just before exam,1,2-5 hours,Class notes,0,0,Occasionally,80-90 %,7.5,7.5,0,Good
4,Other,Female,H,9.7,95.2,Yes,Occasionally,Daily,0,<2 hours,"Online Tutorials, Class notes",0,0,Always,75-80 %,6.8,6.8,0,Average
4,CSE,Female,D,98,98.1,Maybe,Occasionally,Just before exam,2,2-5 hours,"Online Tutorials, Textbook",0,0,Always,above 90 %,8.62,8.62,0,Excellent
1,CSE,Male,H,93,96,Yes,Yes,Daily,1,<2 hours,Class notes,0,0,Occasionally,80-90 %,9.27,9.27,0,Excellent
4,CSE,Female,H,98,98,Maybe,Occasionally,Just before exam,0,>5 hours,"Online Tutorials, Class notes, Textbook",0,0,Occasionally,above 90 %,7.9,7.9,0,Good
4,EIE,Male,H,90,92,Yes,Occasionally,Just before exam,1,2-5 hours,"Class notes, Textbook",2,1,Occasionally,80-90 %,6.5,6.5,2,Low
1,CSE,Male,H,9.7,96,No,Occasionally,Just before exam,1,2-5 hours,Online Tutorials,0,0,Occasionally,80-90 %,8.3,8.3,0,Good
3,Other,Male,D,78,69,Yes,Yes,Daily,1,<2 hours,"Online Tutorials, Class notes",4 & above,1,Occasionally,75-80 %,5.5,5.5,4,Low
2,CSE,Male,H,93,96,Yes,Yes,Daily,1,>5 hours,Online Tutorials,0,0,Occasionally,75-80 %,8,8,0,Good
4,CSE,Female,D,95,96,No,No,Just before exam,0,2-5 hours,"Online Tutorials, Class notes",0,0,Always,75-80 %,79,7.9,0,Good
2,Other,Male,H,90,94,Maybe,Occasionally,Just before exam,0,>5 hours,Class notes,0,0,Never,75-80 %,6.3,6.3,0,Below_average
4,CSE,Female,H,97,97,Maybe,Occasionally,Just before exam,1,2-5 hours,"Online Tutorials, Class notes, Textbook",0,0,Always,75-80 %,7.8,7.8,0,Good
1,Other,Male,H,96,92,Yes,Yes,Just before exam,1,2-5 hours,"Online Tutorials, Class notes",0,0,Occasionally,75-80 %,7.85,7.85,0,Good
1,EIE,Male,H,10,96,Yes,Occasionally,Just before exam,0,2-5 hours,"Online Tutorials, Textbook",0,0,Never,80-90 %,8,8,0,Good
4,CSE,Female,H,9.3,95,Yes,Yes,Just before exam,1,>5 hours,Online Tutorials,0,0,Occasionally,75-80 %,71,7.1,0,Average
4,ECE,Female,H,9.3,95,No,Yes,Just before exam,1,<2 hours,Class notes,0,0,Always,above 90 %,8,8,0,Good
4,CSE,Female,D,90,80,Yes,Occasionally,Just before exam,0,>5 hours,Class notes,1,0,Never,75-80 %,7,7,1,Below_average
4,CSE,Female,D,88,73,Yes,Yes,Daily,3,>5 hours,"Class notes, Textbook",0,0,Always,above 90 %,7.8,7.8,0,Good
4,ECE,Male,H,75,89,Maybe,Yes,Just before exam,1,2-5 hours,"Online Tutorials, Class notes",0,0,Occasionally,75-80 %,7,7,0,Average
4,CSE,Female,H,75,89,Yes,Occasionally,Just before exam,0,2-5 hours,Online Tutorials,0,0,Occasionally,75-80 %,7,7,0,Average
4,ECE,Male,D,92,94.7,No,No,Just before exam,2,2-5 hours,Class notes,2,7,Never,75-80 %,6.87,6.87,2,Low
3,CSE,Male,H,100,95.4,Maybe,Yes,Just before exam,0,2-5 hours,"Online Tutorials, Class notes",0,0,Always,75-80 %,7.75,7.75,0,Good
3,CSE,Female,H,9.5,9.65,No,Occasionally,Just before exam,1,2-5 hours,Class notes,0,0,Occasionally,75-80 %,7.4,7.4,0,Average
4,CSE,Female,H,75,89,Yes,Occasionally,Just before exam,0,2-5 hours,Online Tutorials,0,0,Occasionally,75-80 %,7,7,0,Average
3,Other,Male,D,93,98.3,No,Yes,Just before exam,1,>5 hours,Class notes,0,0,Always,75-80 %,8.79,8.79,0,Excellent
3,Other,Male,H,93,96,No,Occasionally,Just before exam,1,2-5 hours,"Online Tutorials, Class notes, Textbook",0,0,Occasionally,75-80 %,8.06,8.06,0,Good
2,ECE,Female,H,9.2,880,Maybe,Yes,Just before exam,1,<2 hours,Class notes,1,1,Occasionally,80-90 %,7.5,7.5,1,Average
3,Other,Male,D,80,75,Yes,Occasionally,Daily,1,>5 hours,Textbook,0,0,Occasionally,75-80 %,83,8.3,0,Good
2,MEE,Male,H,95,94.5,Maybe,Yes,Daily,1,>5 hours,Online Tutorials,0,0,Always,75-80 %,7.3,7.3,0,Average
2,ECE,Female,H,95,96,Yes,Yes,Daily,1,2-5 hours,Class notes,0,0,Always,80-90 %,80,8,0,Good
1,CSE,Female,H,8.7,83.3,Yes,Yes,Daily,1,2-5 hours,Class notes,0,0,Occasionally,above 90 %,78,7.8,0,Good
1,ECE,Female,H,88,94,Yes,Yes,Just before exam,2,>5 hours,Online Tutorials,0,0,Never,above 90 %,7.3,7.3,0,Average
1,EEE,Male,D,90,85,Yes,Occasionally,Just before exam,0,>5 hours,"Online Tutorials, Textbook",0,0,Occasionally,75-80 %,85,8.5,0,Excellent
1,Other,Female,H,92,92,Yes,Yes,Daily,2,2-5 hours,"Class notes, Textbook",0,0,Occasionally,80-90 %,7,7,0,Average
1,CSE,Female,H,88,96.3,Yes,Yes,Daily,1,2-5 hours,Class notes,0,0,Occasionally,75-80 %,7.7,7.7,0,Good
2,ECE,Female,D,80,60,Yes,Yes,Daily,1,<2 hours,Class notes,0,1,Always,80-90 %,6.6,6.6,0,Average
2,ECE,Female,H,8.2,8.63,Maybe,Yes,Just before exam,3,2-5 hours,Textbook,0,0,Occasionally,75-80 %,7.5,7.5,0,Good
4,EIE,Female,H,78.83,81.2,Yes,Occasionally,Just before exam,2,2-5 hours,"Online Tutorials, Class notes",0,0,Occasionally,75-80 %,8.46,8.46,0,Good
3,MEE,Male,D,87,89,Maybe,Yes,Just before exam,1,2-5 hours,Online Tutorials,2,1,Occasionally,75-80 %,4.9,4.9,2,Low
4,ECE,Female,H,92,90,No,Occasionally,Just before exam,3,2-5 hours,Online Tutorials,0,0,Occasionally,75-80 %,8,8,0,Good
2,ECE,Female,D,89,85,Yes,Occasionally,Just before exam,0,>5 hours,"Online Tutorials, Class notes, Textbook",0,0,Occasionally,75-80 %,7.6,7.6,0,Good
2,MEE,Male,H,88,93,Yes,No,Just before exam,0,>5 hours,"Online Tutorials, Class notes, Textbook",3,6,Occasionally,75-80 %,5.1,5.1,3,Low
2,ECE,Female,H,95,94,Yes,Yes,Daily,1,2-5 hours,"Online Tutorials, Class notes, Textbook",0,0,Occasionally,above 90 %,9.3,9.3,0,Excellent
4,ECE,Female,H,90,85,Yes,Yes,Just before exam,3,<2 hours,Textbook,2,2,Occasionally,75-80 %,75,7.5,2,Low
1,Other,Female,H,95,93,Yes,Occasionally,Daily,0,2-5 hours,Class notes,0,0,Occasionally,80-90 %,7.9,7.9,0,Good
1,Other,Female,D,90,95,Yes,Occasionally,Just before exam,1,>5 hours,Class notes,1,0,Never,80-90 %,6.4,6.4,1,Below_average
4,Other,Female,D,86,91,Yes,No,Just before exam,0,2-5 hours,"Online Tutorials, Class notes",4 & above,3,Always,above 90 %,4.9,4.9,4,Low
2,ECE,Female,H,95,89,Yes,Occasionally,Just before exam,0,>5 hours,Class notes,3,5,Always,75-80 %,5.6,5.6,3,Low
2,MEE,Male,D,86,90,Yes,Occasionally,Just before exam,0,<2 hours,"Class notes, Textbook",4 & above,3,Always,80-90 %,5.5,5.5,4,Low
1,Other,Male,H,84,92,Yes,Occasionally,Just before exam,1,2-5 hours,"Online Tutorials, Class notes, Textbook",0,0,Occasionally,above 90 %,8.9,8.9,0,Excellent
4,CSE,Female,D,95,89,Yes,Yes,Just before exam,1,<2 hours,"Class notes, Textbook",0,0,Occasionally,80-90 %,8.9,8.9,0,Excellent
4,CSE,Male,H,95,93,No,Yes,Just before exam,0,>5 hours,"Online Tutorials, Class notes, Textbook",0,0,Always,80-90 %,6.28,6.28,0,Below_average
4,CSE,Female,H,97,97,Maybe,Occasionally,Just before exam,1,2-5 hours,"Online Tutorials, Class notes, Textbook",0,0,Always,75-80 %,7.8,7.8,0,Good
4,CSE,Male,H,82,83,Yes,Yes,Daily,2,2-5 hours,Textbook,0,0,Occasionally,above 90 %,8,8,0,Good
1,Other,Female,D,88,90,Maybe,Occasionally,Just before exam,1,>5 hours,"Online Tutorials, Class notes, Textbook",2,1,Occasionally,80-90 %,6.3,6.3,2,Low
4,CSE,Male,H,95,84,Maybe,No,Just before exam,0,>5 hours,"Online Tutorials, Class notes",1,12,Occasionally,75-80 %,6,6,1,Below_average
4,Other,Male,H,95,80,Yes,Yes,Just before exam,2,2-5 hours,"Online Tutorials, Class notes",4 & above,10,Occasionally,80-90 %,6,6,4,Low
4,ECE,Male,H,95,90,Yes,Yes,Daily,1,2-5 hours,"Class notes, Textbook",2,2,Occasionally,75-80 %,7.3,7.3,2,Low
4,ECE,Male,D,85,85,Yes,Yes,Just before exam,3,2-5 hours,"Online Tutorials, Class notes, Textbook",0,0,Never,75-80 %,7.5,7.5,0,Good
4,CSE,Male,H,80,90,Maybe,Occasionally,Just before exam,2,2-5 hours,"Online Tutorials, Class notes",0,7,Never,80-90 %,5.8,5.8,0,Low
2,Other,Female,D,85.5,91,No,Occasionally,Just before exam,0,>5 hours,"Online Tutorials, Class notes, Textbook",0,0,Occasionally,75-80 %,6.98,6.98,0,Average
1,Other,Male,H,97,96,Yes,Yes,Daily,1,>5 hours,"Online Tutorials, Class notes, Textbook",0,0,Always,80-90 %,8.9,8.9,0,Excellent
2,ECE,Female,H,84,91,Yes,Yes,Just before exam,1,2-5 hours,"Online Tutorials, Class notes",1,2,Never,75-80 %,6.3,6.3,1,Below_average
2,ECE,Male,H,84,90,No,No,Just before exam,0,>5 hours,Class notes,0,0,Always,75-80 %,7.5,7.5,0,Good
1,Other,Female,H,97,98,Yes,Yes,Daily,1,>5 hours,"Online Tutorials, Class notes, Textbook",0,0,Occasionally,above 90 %,9.56,9.56,0,Excellent
4,ECE,Male,D,92,94.2,No,No,Just before exam,0,>5 hours,"Online Tutorials, Class notes",4 & above,8,Occasionally,75-80 %,5.5,5.5,4,Low
2,CSE,Male,D,95,94,Maybe,Yes,Daily,2,2-5 hours,"Class notes, Textbook",0,0,Always,above 90 %,8.8,8.8,0,Excellent
2,CSE,Male,H,98,95,Maybe,Occasionally,Just before exam,0,>5 hours,"Online Tutorials, Class notes, Textbook",0,0,Occasionally,80-90 %,8,8,0,Good
2,CSE,Male,H,10,94,Yes,No,Just before exam,2,2-5 hours,"Online Tutorials, Class notes, Textbook",0,0,Occasionally,80-90 %,9.1,9.1,0,Excellent
1,Other,Male,H,94,85,Yes,Yes,Just before exam,2,2-5 hours,"Online Tutorials, Class notes, Textbook",3,0,Always,above 90 %,3.35,3.35,3,Low
1,ECE,Male,H,9,9,Maybe,No,Just before exam,2,2-5 hours,Class notes,3,4,Occasionally,75-80 %,6,6,3,Low
1,ECE,Male,H,72,89,Yes,No,Just before exam,0,>5 hours,Online Tutorials,0,0,Occasionally,75-80 %,6.78,6.78,0,Average
1,ECE,Female,H,9.4,9.13,Maybe,Yes,Daily,1,2-5 hours,"Class notes, Textbook",0,0,Occasionally,above 90 %,8.76,8.76,0,Excellent
2,CSE,Male,H,89,92,Maybe,Yes,Just before exam,1,2-5 hours,"Online Tutorials, Class notes, Textbook",0,0,Occasionally,80-90 %,8.35,8.35,0,Good
1,MEE,Male,H,10,9,Maybe,Yes,Just before exam,2,2-5 hours,"Class notes, Textbook",0,0,Occasionally,above 90 %,6.8,6.8,0,Average
1,Other,Male,H,8,94,Maybe,Occasionally,Just before exam,2,>5 hours,Class notes,0,0,Always,80-90 %,8.9,8.9,0,Excellent
1,Other,Female,H,97,97,Maybe,Yes,Just before exam,0,2-5 hours,"Class notes, Textbook",0,0,Always,above 90 %,8.7,8.7,0,Excellent
1,Other,Female,D,73,92.5,Yes,Yes,Daily,3,2-5 hours,Class notes,0,0,Occasionally,above 90 %,8.8,8.8,0,Excellent
1,CSE,Male,H,10,9.83,Yes,Yes,Daily,1,2-5 hours,"Online Tutorials, Class notes, Textbook",0,0,Always,above 90 %,8,8,0,Good
1,Other,Male,H,95,90,Maybe,Occasionally,Daily,1,<2 hours,Online Tutorials,0,0,Always,above 90 %,7.2,7.2,0,Average
1,Other,Male,H,98,97,Maybe,Yes,Daily,3,<2 hours,"Online Tutorials, Class notes, Textbook",0,0,Always,above 90 %,9.04,9.04,0,Excellent
1,ECE,Female,H,10,90,No,Occasionally,Just before exam,1,<2 hours,Class notes,0,0,Always,above 90 %,6.7,6.7,0,Average
1,CSE,Male,H,89,89,Yes,Occasionally,Daily,3,<2 hours,"Online Tutorials, Class notes, Textbook",0,0,Never,above 90 %,8.5,8.5,0,Excellent
1,Other,Female,D,97,93,Yes,Yes,Just before exam,1,2-5 hours,Class notes,0,0,Occasionally,above 90 %,9.1,9.1,0,Excellent
2,CSE,Male,H,93,96.6,Maybe,Yes,Just before exam,1,2-5 hours,"Online Tutorials, Class notes, Textbook",0,0,Always,above 90 %,8.95,8.95,0,Excellent
1,CSE,Male,H,9.8,9.8,Maybe,Yes,Just before exam,1,>5 hours,"Online Tutorials, Class notes",0,0,Occasionally,80-90 %,6.5,6.5,0,Average
1,Other,Male,H,90,9.6,Maybe,Yes,Daily,1,2-5 hours,"Online Tutorials, Class notes",0,0,Occasionally,above 90 %,7.92,7.92,0,Good
1,Other,Female,D,81,75,Maybe,Yes,Daily,3,2-5 hours,"Online Tutorials, Class notes, Textbook",0,0,Occasionally,80-90 %,7.26,7.26,0,Average
1,CSE,Male,H,10,10,Yes,Yes,Just before exam,2,2-5 hours,"Online Tutorials, Class notes",0,0,Occasionally,above 90 %,7.8,7.8,0,Good
1,Other,Male,H,93,72,Yes,Occasionally,Daily,2,2-5 hours,Online Tutorials,3,0,Never,75-80 %,4.8,4.8,3,Low
1,Other,Male,D,10,89,Maybe,Occasionally,Just before exam,2,<2 hours,"Online Tutorials, Class notes",0,0,Occasionally,above 90 %,7.8,7.8,0,Good
2,CSE,Female,H,10,97.6,Maybe,Yes,Daily,1,<2 hours,"Online Tutorials, Class notes, Textbook",0,0,Occasionally,above 90 %,9.62,9.62,0,Excellent
2,CSE,Male,D,97,97,Maybe,Yes,Just before exam,1,2-5 hours,Class notes,0,0,Occasionally,above 90 %,8.63,8.63,0,Excellent
3,CSE,Male,H,95,95,Maybe,Occasionally,Just before exam,1,2-5 hours,"Online Tutorials, Class notes, Textbook",0,0,Occasionally,80-90 %,6.55,6.55,0,Average
1,ECE,Female,D,9.6,85,Yes,Yes,Daily,3,2-5 hours,"Class notes, Textbook",0,0,Occasionally,above 90 %,8.1,8.1,0,Good
1,EEE,Male,H,10,91,Yes,Occasionally,Daily,1,2-5 hours,"Online Tutorials, Class notes, Textbook",0,0,Always,80-90 %,8.5,8.5,0,Excellent
1,Other,Female,D,10,85,Yes,Yes,Just before exam,1,<2 hours,"Online Tutorials, Class notes, Textbook",0,0,Occasionally,above 90 %,8,8,0,Good
4,MEE,Male,D,9.3,82.7,Maybe,Yes,Just before exam,1,2-5 hours,"Class notes, Textbook",4 & above,12,Occasionally,75-80 %,7.25,7.25,4,Low
4,MEE,Male,D,9.3,82.7,Maybe,Yes,Just before exam,1,2-5 hours,"Class notes, Textbook",4 & above,12,Occasionally,75-80 %,7.25,7.25,4,Low
1,ECE,Male,H,83,93,Yes,Occasionally,Just before exam,3,<2 hours,Textbook,0,0,Occasionally,above 90 %,7.5,7.5,0,Good
1,Other,Male,H,80,85,Yes,Occasionally,Just before exam,1,>5 hours,"Online Tutorials, Class notes, Textbook",0,0,Occasionally,80-90 %,9.04,9.04,0,Excellent
2,ECE,Male,H,85,85,Maybe,Yes,Just before exam,0,2-5 hours,Class notes,3,1,Always,80-90 %,5.5,5.5,3,Low
1,ECE,Male,H,9.8,9.7,Yes,Yes,Just before exam,1,>5 hours,"Class notes, Textbook",1,0,Always,80-90 %,6.9,6.9,1,Below_average
1,ECE,Female,D,80,86,Yes,Yes,Just before exam,3,<2 hours,"Class notes, Textbook",0,0,Occasionally,above 90 %,7.74,7.74,0,Good
1,CSE,Male,H,98,96,No,No,Just before exam,1,>5 hours,Online Tutorials,0,0,Occasionally,80-90 %,8.7,8.7,0,Excellent
3,ECE,Male,H,70.33,73,Maybe,Yes,Just before exam,2,2-5 hours,"Online Tutorials, Class notes",2,6,Occasionally,80-90 %,5.82,5.82,2,Low
2,Other,Male,D,7.8,92,Maybe,Yes,Just before exam,1,>5 hours,Textbook,0,0,Always,75-80 %,7,7,0,Average
1,Other,Male,H,100,94.5,No,Yes,Just before exam,1,2-5 hours,Class notes,0,0,Never,above 90 %,7,7,0,Average
1,Other,Female,H,91,90,Maybe,Occasionally,Daily,1,<2 hours,Textbook,0,0,Always,80-90 %,8.87,8.87,0,Excellent
1,Other,Male,H,96,83,Maybe,Occasionally,Just before exam,1,2-5 hours,"Online Tutorials, Class notes, Textbook",0,0,Occasionally,80-90 %,7.4,7.4,0,Average
2,CSE,Male,H,87.4,95.7,Yes,Yes,Just before exam,0,2-5 hours,"Online Tutorials, Class notes",0,0,Occasionally,80-90 %,7.5,7.5,0,Good
3,CSE,Male,H,98,97.7,Maybe,Yes,Daily,2,2-5 hours,"Online Tutorials, Class notes, Textbook",0,0,Never,above 90 %,9.3,9.3,0,Excellent
3,CSE,Male,H,9.2,96,Yes,Yes,Just before exam,1,2-5 hours,"Online Tutorials, Class notes",0,0,Never,above 90 %,6.94,6.94,0,Average
3,CSE,Male,H,9.8,94,Maybe,No,Daily,1,2-5 hours,"Online Tutorials, Textbook",1,4,Never,75-80 %,5.6,5.6,1,Low
3,CSE,Male,D,9.8,85,Maybe,Occasionally,Just before exam,1,2-5 hours,"Online Tutorials, Class notes, Textbook",0,0,Occasionally,80-90 %,7.6,7.6,0,Good
3,CSE,Male,H,95,97,Maybe,Occasionally,Just before exam,2,2-5 hours,"Online Tutorials, Textbook",0,0,Occasionally,80-90 %,6.78,6.78,0,Average
3,CSE,Male,D,86.5,89,No,Yes,Daily,2,2-5 hours,Textbook,0,0,Occasionally,above 90 %,8.5,8.5,0,Excellent
3,CSE,Male,H,86,97,No,Yes,Just before exam,1,<2 hours,"Online Tutorials, Class notes, Textbook",1,2,Always,above 90 %,6,6,1,Below_average
3,EEE,Male,D,86,80,Maybe,Yes,Daily,2,2-5 hours,"Class notes, Textbook",0,0,Occasionally,above 90 %,7.2,7.2,0,Average
3,EEE,Male,H,88.5,95.8,Yes,Occasionally,Just before exam,1,2-5 hours,"Online Tutorials, Class notes",0,1,Always,80-90 %,5.89,5.89,0,Low
3,EEE,Male,H,92,96,No,Occasionally,Just before exam,3,<2 hours,"Online Tutorials, Class notes",0,0,Occasionally,80-90 %,7.2,7.2,0,Average
3,EEE,Male,H,97,97.3,Maybe,Yes,Just before exam,1,2-5 hours,"Online Tutorials, Class notes, Textbook",0,0,Occasionally,80-90 %,8.48,8.48,0,Good
3,CSE,Male,H,92,93,Maybe,Occasionally,Just before exam,0,>5 hours,Textbook,0,0,Never,80-90 %,8.2,8.2,0,Good
3,CSE,Female,D,93.3,94,Yes,Yes,Just before exam,2,>5 hours,"Online Tutorials, Class notes, Textbook",0,0,Occasionally,80-90 %,8.78,8.78,0,Excellent
2,CSE,Male,H,9.7,94.8,Maybe,Yes,Daily,2,2-5 hours,"Online Tutorials, Class notes, Textbook",0,0,Never,80-90 %,7.79,7.79,0,Good
1,MEE,Female,D,88,93,Yes,Yes,Daily,1,>5 hours,"Online Tutorials, Class notes",0,0,Never,above 90 %,8.88,8.88,0,Excellent
2,CSE,Female,D,10,93,Yes,Yes,Just before exam,1,2-5 hours,"Online Tutorials, Class notes, Textbook",0,0,Occasionally,above 90 %,9.38,9.38,0,Excellent
2,CSE,Male,H,97,96,Maybe,Yes,Daily,1,>5 hours,Class notes,0,0,Occasionally,above 90 %,8.94,8.94,0,Excellent
2,CSE,Female,D,81,95,Yes,Yes,Daily,1,2-5 hours,Class notes,0,0,Occasionally,above 90 %,7,7,0,Average
2,MEE,Male,H,80.75,95,Yes,Yes,Daily,1,2-5 hours,"Online Tutorials, Class notes",0,0,Occasionally,75-80 %,7.8,7.8,0,Good
3,CSE,Female,H,98,96,Yes,Yes,Just before exam,1,>5 hours,"Online Tutorials, Class notes",0,0,Never,80-90 %,8.5,8.5,0,Excellent
2,CSE,Female,H,9.8,85,Maybe,Yes,Daily,2,2-5 hours,"Online Tutorials, Class notes",0,0,Occasionally,80-90 %,7.6,7.6,0,Good
2,EEE,Male,H,90,93.3,Yes,Yes,Just before exam,1,2-5 hours,"Class notes, Textbook",1,1,Occasionally,80-90 %,6.3,6.3,1,Below_average
1,CSE,Male,D,8.8,67.9,Yes,Occasionally,Daily,1,>5 hours,"Online Tutorials, Class notes, Textbook",0,0,Occasionally,above 90 %,7.3,7.3,0,Average
4,ECE,Male,H,95,97,Yes,Occasionally,Just before exam,0,>5 hours,"Online Tutorials, Class notes, Textbook",0,0,Occasionally,above 90 %,6.8,6.8,0,Average
2,CSE,Male,H,98,96.2,Yes,Occasionally,Daily,1,2-5 hours,"Online Tutorials, Class notes",0,0,Occasionally,80-90 %,8.2,8.2,0,Good
1,CSE,Male,D,86,65,Maybe,Yes,Daily,2,2-5 hours,"Online Tutorials, Class notes, Textbook",0,0,Occasionally,above 90 %,8.8,8.8,0,Excellent
2,EEE,Male,H,95,91.5,Yes,Occasionally,Just before exam,0,>5 hours,Online Tutorials,4 & above,1,Always,80-90 %,5,5,4,Low
1,CSE,Male,H,98,89,Yes,Yes,Daily,2,2-5 hours,"Online Tutorials, Class notes",0,0,Always,above 90 %,6.8,6.8,0,Average
1,EEE,Male,H,93,90,Maybe,Yes,Just before exam,3,<2 hours,"Online Tutorials, Class notes, Textbook",0,0,Always,above 90 %,8.86,8.86,0,Excellent
1,ECE,Female,D,91,89,Yes,Yes,Just before exam,0,>5 hours,Class notes,0,0,Occasionally,80-90 %,8.5,8.5,0,Excellent
2,CSE,Female,D,10,84,Yes,Occasionally,Just before exam,1,2-5 hours,"Online Tutorials, Class notes, Textbook",0,0,Always,80-90 %,7.7,7.7,0,Good
1,ECE,Male,D,93,85,Maybe,No,Just before exam,1,>5 hours,Textbook,0,0,Occasionally,above 90 %,8.8,8.8,0,Excellent
2,EEE,Male,H,90,92,No,Yes,Just before exam,2,2-5 hours,"Online Tutorials, Class notes, Textbook",2,1,Occasionally,80-90 %,6,6,2,Low
4,ECE,Male,D,9.8,97.3,Yes,Yes,Just before exam,1,2-5 hours,"Class notes, Textbook",0,0,Always,80-90 %,8.8,8.8,0,Excellent
1,CSE,Male,D,10,89,Maybe,Yes,Daily,1,2-5 hours,Online Tutorials,0,0,Always,above 90 %,9.73,9.73,0,Excellent
1,CSE,Male,H,9.8,98,No,No,Daily,1,2-5 hours,Online Tutorials,0,0,Occasionally,80-90 %,8.3,8.3,0,Good
3,CSE,Male,D,90,89,Yes,Yes,Just before exam,2,2-5 hours,"Online Tutorials, Class notes",0,0,Occasionally,80-90 %,8.81,8.81,0,Excellent
1,CSE,Male,H,91,87.4,Yes,Occasionally,Daily,2,2-5 hours,"Online Tutorials, Class notes, Textbook",0,0,Occasionally,75-80 %,6.25,6.25,0,Below_average
3,CSE,Male,D,99,98,Yes,Yes,Daily,3,<2 hours,Class notes,0,0,Never,above 90 %,9.6,9.6,0,Excellent
2,MEE,Male,H,65,66,No,No,Just before exam,0,>5 hours,Online Tutorials,3,5,Always,80-90 %,5.9,5.9,3,Low
2,CSE,Male,D,93,95,No,Occasionally,Daily,1,2-5 hours,"Online Tutorials, Class notes, Textbook",0,0,Occasionally,above 90 %,9.75,9.75,0,Excellent
3,CSE,Male,H,8.8,93,Yes,Occasionally,Just before exam,0,>5 hours,Class notes,4 & above,5,Never,75-80 %,3.5,3.5,4,Low
1,CSE,Male,H,92,84,Yes,Occasionally,Daily,2,2-5 hours,Online Tutorials,0,0,Occasionally,80-90 %,8.3,8.3,0,Good
2,CSE,Male,D,10,93.8,Yes,Occasionally,Daily,1,2-5 hours,Textbook,0,0,Occasionally,above 90 %,9.75,9.75,0,Excellent
3,CSE,Female,D,79,87,Yes,Yes,Daily,1,2-5 hours,"Online Tutorials, Class notes",0,0,Never,above 90 %,8.32,8.32,0,Good
1,ECE,Female,D,84,73,Maybe,Yes,Just before exam,1,2-5 hours,"Online Tutorials, Class notes",0,0,Occasionally,above 90 %,6.59,6.59,0,Average
3,CSE,Female,D,10,89,Yes,Occasionally,Just before exam,0,2-5 hours,"Online Tutorials, Class notes",0,0,Occasionally,80-90 %,8.75,8.75,0,Excellent
3,CSE,Male,H,97,98,Maybe,Yes,Daily,2,2-5 hours,Textbook,0,0,Occasionally,above 90 %,7.5,7.5,0,Good
3,CSE,Male,D,95,98.4,Yes,Yes,Just before exam,1,2-5 hours,"Class notes, Textbook",0,0,Always,80-90 %,9.3,9.3,0,Excellent
2,CSE,Male,H,90,925,Yes,Yes,Daily,1,2-5 hours,Online Tutorials,0,0,Occasionally,above 90 %,7.58,7.58,0,Good
3,CSE,Female,H,95,97.8,Yes,Yes,Just before exam,2,2-5 hours,Online Tutorials,0,0,Always,above 90 %,9.31,9.31,0,Excellent
3,CSE,Male,H,9.5,95.1,No,Yes,Just before exam,1,2-5 hours,"Online Tutorials, Class notes",0,0,Occasionally,above 90 %,8.5,8.5,0,Excellent
3,CSE,Male,H,92,95.5,No,Yes,Just before exam,1,>5 hours,Class notes,0,0,Never,75-80 %,8.1,8.1,0,Good
2,CSE,Female,H,10,96,Yes,Occasionally,Daily,2,>5 hours,Online Tutorials,0,0,Occasionally,80-90 %,8.85,8.85,0,Excellent
1,CSE,Male,D,10,98,Yes,Yes,Just before exam,0,>5 hours,Class notes,0,0,Occasionally,above 90 %,8.1,8.1,0,Good
2,CSE,Male,D,93.5,82,No,No,Just before exam,2,2-5 hours,"Online Tutorials, Textbook",0,0,Occasionally,80-90 %,8.98,8.98,0,Excellent
2,EEE,Male,H,95,98,Maybe,Occasionally,Just before exam,0,2-5 hours,"Online Tutorials, Textbook",0,0,Always,80-90 %,7.3,7.3,0,Average
3,CSE,Male,H,80,96,Yes,Occasionally,Just before exam,2,2-5 hours,"Online Tutorials, Class notes",0,0,Always,above 90 %,7.6,7.6,0,Good
3,MEE,Female,H,66,99,Maybe,No,Daily,1,<2 hours,Textbook,2,0,Never,above 90 %,9.45,9.45,2,Low
1,ECE,Male,H,98,95,Yes,Yes,Just before exam,2,2-5 hours,"Online Tutorials, Class notes",0,0,Always,above 90 %,8.1,8.1,0,Good
2,MEE,Male,H,8.6,90,No,Yes,Daily,1,2-5 hours,"Class notes, Textbook",1,2,Occasionally,75-80 %,7.4,7.4,1,Below_average
2,EEE,Female,H,10,9.6,No,Occasionally,Just before exam,1,>5 hours,Online Tutorials,0,0,Occasionally,80-90 %,8.86,8.86,0,Excellent
2,EEE,Male,H,98,96,Maybe,Yes,Just before exam,2,2-5 hours,"Class notes, Textbook",0,0,Always,80-90 %,7.99,7.99,0,Good
3,CSE,Male,H,98,96.7,Maybe,Yes,Daily,3,2-5 hours,Online Tutorials,0,0,Occasionally,80-90 %,7.8,7.8,0,Good
4,ECE,Male,H,92,94,Yes,Yes,Just before exam,2,2-5 hours,Class notes,0,0,Always,80-90 %,8,8,0,Good
1,CSE,Female,H,10,97.7,Yes,Yes,Daily,1,2-5 hours,Class notes,0,0,Occasionally,80-90 %,8.78,8.78,0,Excellent
1,CSE,Male,H,90,88,Maybe,Yes,Daily,1,<2 hours,Online Tutorials,0,0,Occasionally,above 90 %,7,7,0,Average
3,EEE,Male,H,98,98,Maybe,Occasionally,Just before exam,3,<2 hours,Online Tutorials,0,0,Always,80-90 %,9.53,9.53,0,Excellent
2,CSE,Female,D,100,88.9,Yes,Yes,Daily,2,2-5 hours,"Online Tutorials, Class notes, Textbook",0,0,Occasionally,80-90 %,8.9,8.9,0,Excellent
3,CSE,Female,H,95,97.7,No,Yes,Daily,2,2-5 hours,"Class notes, Textbook",0,0,Never,80-90 %,7.5,7.5,0,Good
2,CSE,Female,H,100,92.4,Yes,Yes,Daily,2,2-5 hours,"Online Tutorials, Class notes, Textbook",0,0,Occasionally,above 90 %,9.62,9.62,0,Excellent
3,CSE,Female,H,9.7,98,Maybe,Occasionally,Just before exam,3,>5 hours,"Online Tutorials, Textbook",0,0,Always,above 90 %,8.45,8.45,0,Good
1,CSE,Male,D,9.8,89,No,Yes,Daily,3,2-5 hours,"Online Tutorials, Class notes, Textbook",0,0,Occasionally,75-80 %,9,9,0,Excellent
2,CSE,Female,H,89,81,No,Occasionally,Just before exam,1,2-5 hours,"Online Tutorials, Textbook",0,0,Occasionally,75-80 %,8.49,8.49,0,Good
3,EIE,Male,H,100,898,Yes,Occasionally,Just before exam,1,>5 hours,Class notes,0,1,Never,80-90 %,6,6,0,Below_average
2,CSE,Male,H,100,96.6,Yes,Occasionally,Just before exam,1,>5 hours,"Online Tutorials, Class notes, Textbook",0,0,Occasionally,above 90 %,8,8,0,Good
2,CSE,Male,H,97,97.5,Maybe,Yes,Daily,1,2-5 hours,Class notes,0,0,Occasionally,above 90 %,8.99,8.99,0,Excellent
3,CSE,Female,H,10,97,No,Occasionally,Just before exam,1,2-5 hours,"Class notes, Textbook",0,0,Occasionally,75-80 %,8.11,8.11,0,Good
1,ECE,Male,H,90,92,Yes,Occasionally,Just before exam,1,2-5 hours,"Online Tutorials, Class notes, Textbook",0,0,Occasionally,75-80 %,7.96,7.96,0,Good
2,CSE,Male,H,93,96,Maybe,Occasionally,Just before exam,0,2-5 hours,Online Tutorials,1,0,Occasionally,80-90 %,5.9,5.9,1,Low
1,CSE,Female,H,93.5,96,Yes,Occasionally,Daily,2,2-5 hours,"Online Tutorials, Class notes, Textbook",0,0,Occasionally,80-90 %,8.1,8.1,0,Good
3,CSE,Female,H,82,92.3,Yes,Yes,Daily,3,2-5 hours,"Online Tutorials, Class notes, Textbook",0,1,Occasionally,80-90 %,6.5,6.5,0,Average
4,CSE,Female,H,95,96.2,Yes,Yes,Daily,1,>5 hours,"Online Tutorials, Class notes, Textbook",0,0,Occasionally,above 90 %,8.6,8.6,0,Excellent
1,Other,Female,D,88.5,90.5,Maybe,Yes,Just before exam,2,>5 hours,"Class notes, Textbook",0,0,Occasionally,80-90 %,8.2,8.2,0,Good
2,EEE,Female,D,83,91.5,Maybe,Yes,Daily,1,>5 hours,"Online Tutorials, Class notes, Textbook",0,0,Occasionally,80-90 %,9.5,9.5,0,Excellent
2,MEE,Female,D,95,97,Yes,Yes,Daily,1,>5 hours,"Class notes, Textbook",0,0,Occasionally,above 90 %,9.4,9.4,0,Excellent
2,ECE,Male,H,95,90,No,Occasionally,Just before exam,0,>5 hours,"Online Tutorials, Class notes",2,1,Always,75-80 %,6.5,6.5,2,Low
2,CSE,Male,H,86.9,92,Yes,No,Just before exam,0,>5 hours,"Online Tutorials, Class notes",0,0,Always,75-80 %,7.8,7.8,0,Good
2,CSE,Male,H,87.5,89.5,No,Yes,Just before exam,1,>5 hours,"Online Tutorials, Class notes",1,3,Occasionally,80-90 %,6.7,6.7,1,Below_average
3,ECE,Female,H,92,90,No,Occasionally,Just before exam,2,>5 hours,"Online Tutorials, Textbook",0,0,Occasionally,80-90 %,8.9,8.9,0,Excellent
3,MEE,Female,D,8.3,95,Maybe,Yes,Just before exam,0,>5 hours,"Class notes, Textbook",0,0,Occasionally,80-90 %,8.6,8.6,0,Excellent
3,EIE,Female,D,84,86,No,Yes,Daily,1,>5 hours,"Online Tutorials, Class notes",0,0,Never,75-80 %,7.3,7.3,0,Average
4,CSE,Female,H,95,96.2,Yes,Yes,Daily,2,2-5 hours,"Online Tutorials, Class notes, Textbook",0,0,Always,above 90 %,9.14,9.14,0,Excellent
4,MEE,Male,D,98,90,Yes,No,Just before exam,0,>5 hours,"Class notes, Textbook",0,0,Occasionally,75-80 %,8,8,0,Good
4,CSE,Male,H,89,92,No,No,Just before exam,0,>5 hours,"Online Tutorials, Class notes",4 & above,12,Always,above 90 %,8.5,8.5,4,Low
3,CSE,Female,H,7.5,9.16,Yes,Yes,Daily,1,>5 hours,Class notes,0,0,Occasionally,above 90 %,6.54,6.54,0,Average
3,ECE,Male,H,97,98.1,Yes,Yes,Just before exam,1,>5 hours,"Online Tutorials, Class notes, Textbook",0,0,Occasionally,above 90 %,8.91,8.91,0,Excellent
4,MEE,Male,D,96,94,Yes,Occasionally,Just before exam,3,2-5 hours,"Online Tutorials, Class notes, Textbook",0,0,Always,above 90 %,7.8,7.8,0,Good
3,CSE,Male,H,8.4,9.6,Yes,No,Daily,1,2-5 hours,"Online Tutorials, Class notes",0,0,Occasionally,75-80 %,7.4,7.4,0,Average
4,Other,Male,D,7.5,73,Maybe,Occasionally,Just before exam,0,>5 hours,Online Tutorials,2,21,Always,80-90 %,6.4,6.4,2,Low
4,CSE,Male,H,92,88.8,No,No,Just before exam,3,>5 hours,"Online Tutorials, Class notes",0,1,Never,80-90 %,5.98,5.98,0,Low
4,Other,Male,H,97,98.6,Yes,Yes,Daily,2,<2 hours,"Online Tutorials, Class notes, Textbook",0,0,Occasionally,80-90 %,66,6.6,0,Average
4,EEE,Male,D,9.7,93.6,No,Occasionally,Just before exam,1,2-5 hours,"Online Tutorials, Textbook",0,0,Occasionally,75-80 %,8.38,8.38,0,Good
3,ECE,Male,H,95,94,Yes,No,Daily,1,2-5 hours,Textbook,0,0,Occasionally,80-90 %,7.5,7.5,0,Good
3,ECE,Female,D,95,91.8,Yes,Yes,Just before exam,1,2-5 hours,"Online Tutorials, Class notes, Textbook",0,0,Occasionally,above 90 %,9.1,9.1,0,Excellent
3,ECE,Female,H,98,98,Yes,Yes,Daily,2,2-5 hours,"Class notes, Textbook",0,0,Occasionally,80-90 %,9,9,0,Excellent
3,ECE,Female,H,92,90.4,Yes,Yes,Just before exam,2,2-5 hours,"Online Tutorials, Class notes, Textbook",0,0,Always,above 90 %,8.9,8.9,0,Excellent
4,CSE,Male,H,100,98.3,No,Occasionally,Just before exam,1,2-5 hours,"Online Tutorials, Class notes, Textbook",0,0,Occasionally,75-80 %,7.78,7.78,0,Good
2,EIE,Male,H,9,91,Maybe,Occasionally,Daily,1,<2 hours,"Online Tutorials, Class notes, Textbook",0,0,Occasionally,above 90 %,8,8,0,Good
4,CSE,Male,H,95,97,Yes,Occasionally,Just before exam,3,>5 hours,"Online Tutorials, Class notes, Textbook",0,1,Occasionally,75-80 %,7.2,7.2,0,Average
4,EEE,Female,H,98,96.9,Maybe,Yes,Just before exam,1,2-5 hours,"Class notes, Textbook",0,0,Occasionally,above 90 %,8.2,8.2,0,Good
3,EIE,Male,H,9.5,900,No,Occasionally,Just before exam,1,2-5 hours,"Online Tutorials, Class notes",0,0,Occasionally,75-80 %,7,7,0,Average
4,CSE,Male,H,97,98.2,Yes,Occasionally,Just before exam,1,2-5 hours,"Class notes, Textbook",0,0,Occasionally,80-90 %,8.82,8.82,0,Excellent
4,ECE,Male,H,90,93,Yes,Yes,Just before exam,1,>5 hours,"Online Tutorials, Class notes, Textbook",0,1,Always,80-90 %,7.34,7.34,0,Average
4,ECE,Female,H,9.8,978,Maybe,Occasionally,Just before exam,1,<2 hours,"Online Tutorials, Textbook",0,0,Always,80-90 %,8.4,8.4,0,Good
4,CSE,Male,D,93,87,No,Yes,Just before exam,0,>5 hours,Class notes,0,0,Occasionally,above 90 %,9.27,9.27,0,Excellent
4,EIE,Male,H,93,91.2,Maybe,Yes,Daily,1,>5 hours,"Online Tutorials, Class notes, Textbook",0,0,Always,80-90 %,7.2,7.2,0,Average
4,CSE,Male,D,92,87,No,No,Just before exam,0,>5 hours,"Online Tutorials, Class notes",0,1,Occasionally,80-90 %,6.46,6.46,0,Below_average
4,EEE,Male,D,95,87,Yes,No,Just before exam,0,<2 hours,Online Tutorials,0,0,Always,above 90 %,8.42,8.42,0,Good
4,CSE,Male,D,99,99,Yes,No,Just before exam,0,>5 hours,Textbook,0,5,Always,75-80 %,10,10,0,Excellent
2,ECE,Male,H,9.5,97.4,Maybe,Occasionally,Just before exam,0,>5 hours,"Online Tutorials, Class notes",0,0,Occasionally,80-90 %,8.02,8.02,0,Good
4,MEE,Male,D,92,83,Yes,Yes,Just before exam,0,2-5 hours,"Class notes, Textbook",0,0,Always,80-90 %,7.38,7.38,0,Average
3,Other,Male,H,95,98,Yes,Yes,Just before exam,3,>5 hours,"Online Tutorials, Class notes",0,0,Never,80-90 %,8.6,8.6,0,Excellent
4,CSE,Female,D,93,90,Maybe,Occasionally,Just before exam,1,>5 hours,"Online Tutorials, Class notes, Textbook",0,0,Occasionally,80-90 %,9.1,9.1,0,Excellent
4,CSE,Male,D,95,91,Maybe,Occasionally,Just before exam,0,2-5 hours,"Online Tutorials, Textbook",0,0,Occasionally,80-90 %,8.4,8.4,0,Good
3,Other,Female,H,8.6,96,Maybe,Occasionally,Just before exam,1,2-5 hours,"Online Tutorials, Class notes, Textbook",0,0,Always,80-90 %,8.67,8.67,0,Excellent
3,CSE,Male,H,93,97,Maybe,Yes,Just before exam,0,2-5 hours,"Online Tutorials, Class notes",0,0,Occasionally,80-90 %,8.5,8.5,0,Excellent
2,CSE,Male,H,9.8,9.2,Yes,Occasionally,Just before exam,0,>5 hours,"Online Tutorials, Class notes, Textbook",0,0,Always,80-90 %,7.26,7.26,0,Average
4,CSE,Male,D,83,96.5,Maybe,Occasionally,Just before exam,1,2-5 hours,Class notes,0,0,Occasionally,80-90 %,7.6,7.6,0,Good
4,MEE,Male,H,97,94,Maybe,Occasionally,Just before exam,0,>5 hours,Class notes,1,1,Occasionally,75-80 %,7.93,7.93,1,Average
4,EEE,Male,D,9.7,95,No,No,Daily,1,2-5 hours,Textbook,0,0,Always,75-80 %,8.3,8.3,0,Good
4,CSE,Male,D,89.5,85.6,Maybe,Yes,Just before exam,1,<2 hours,"Online Tutorials, Class notes, Textbook",0,0,Never,above 90 %,8.9,8.9,0,Excellent
4,Other,Male,D,9.8,9.5,Maybe,Occasionally,Just before exam,1,2-5 hours,Online Tutorials,4 & above,5,Occasionally,75-80 %,5.8,5.8,4,Low
4,EEE,Female,D,80.333,81.7,Maybe,Occasionally,Just before exam,1,2-5 hours,Class notes,0,0,Always,80-90 %,7.13,7.13,0,Average
4,EEE,Male,D,77,67,Yes,Yes,Daily,1,2-5 hours,"Online Tutorials, Class notes, Textbook",0,0,Occasionally,80-90 %,65,6.5,0,Average
4,EEE,Male,D,8.5,73,Yes,Occasionally,Just before exam,1,>5 hours,"Online Tutorials, Textbook",0,3,Occasionally,80-90 %,6.6,6.6,0,Average
2,CSE,Female,D,9.2,95,Yes,Yes,Daily,2,>5 hours,"Online Tutorials, Class notes",0,0,Always,above 90 %,8.3,8.3,0,Good
2,ECE,Male,D,90,88,Maybe,No,Just before exam,1,2-5 hours,Online Tutorials,4 & above,6,Occasionally,75-80 %,5.8,5.8,4,Low
3,Other,Male,D,7.3,774,Maybe,No,Just before exam,2,2-5 hours,"Online Tutorials, Class notes, Textbook",0,0,Always,75-80 %,7,7,0,Average
4,CSE,Male,D,90,92,Yes,Yes,Just before exam,1,2-5 hours,"Class notes, Textbook",0,1,Always,75-80 %,7.21,7.21,0,Average
2,Other,Male,H,9.3,956,Maybe,No,Just before exam,1,2-5 hours,Online Tutorials,0,0,Occasionally,75-80 %,8.5,8.5,0,Excellent
4,CSE,Male,D,88,83,No,Occasionally,Daily,1,>5 hours,"Class notes, Textbook",1,5,Occasionally,80-90 %,7.5,7.5,1,Average
4,CSE,Female,D,93,82,No,Yes,Daily,2,2-5 hours,"Online Tutorials, Class notes, Textbook",0,0,Always,above 90 %,7.1,7.1,0,Average
3,ECE,Female,D,100,95.8,Yes,Yes,Daily,2,<2 hours,"Online Tutorials, Class notes, Textbook",0,0,Occasionally,above 90 %,7.51,7.51,0,Good
1,CSE,Male,H,96,72,Yes,No,Just before exam,2,<2 hours,"Online Tutorials, Class notes",3,0,Occasionally,75-80 %,5,5,3,Low
3,Other,Male,D,87,88,No,Yes,Just before exam,1,2-5 hours,Online Tutorials,0,1,Occasionally,75-80 %,7.4,7.4,0,Average
3,CSE,Male,H,93,92,Maybe,Occasionally,Just before exam,3,2-5 hours,"Online Tutorials, Class notes, Textbook",0,0,Occasionally,80-90 %,7.06,7.06,0,Average
4,CSE,Female,D,89.5,89.5,Yes,Yes,Just before exam,2,<2 hours,"Class notes, Textbook",0,0,Always,80-90 %,7.71,7.71,0,Good
4,CSE,Female,H,97,97.5,Maybe,Yes,Just before exam,1,>5 hours,"Online Tutorials, Class notes, Textbook",0,0,Always,above 90 %,9.7,9.7,0,Excellent
2,EEE,Male,H,88,96,Yes,Yes,Daily,3,2-5 hours,"Class notes, Textbook",1,0,Occasionally,80-90 %,8.71,8.71,1,Good
3,EIE,Male,H,9.8,96,Maybe,Occasionally,Just before exam,0,<2 hours,Class notes,0,0,Occasionally,above 90 %,7.7,7.7,0,Good
3,ECE,Male,D,97,98,Maybe,Yes,Daily,1,2-5 hours,"Online Tutorials, Class notes, Textbook",0,0,Occasionally,above 90 %,8.92,8.92,0,Excellent
4,ECE,Male,H,95,87.8,Maybe,Yes,Just before exam,2,>5 hours,"Online Tutorials, Class notes, Textbook",0,7,Occasionally,75-80 %,7.23,7.23,0,Average
4,ECE,Male,H,98,93,No,Yes,Just before exam,0,>5 hours,"Class notes, Textbook",0,0,Never,80-90 %,8.56,8.56,0,Excellent
2,Other,Male,D,78,70,Yes,No,Daily,2,2-5 hours,Textbook,0,0,Always,75-80 %,8,8,0,Good
2,MEE,Female,H,92,90,Yes,Occasionally,Just before exam,0,>5 hours,Online Tutorials,0,0,Always,75-80 %,7.8,7.8,0,Good
4,ECE,Male,D,95,90,No,Yes,Just before exam,0,2-5 hours,"Online Tutorials, Class notes",0,10,Occasionally,80-90 %,7.4,7.4,0,Average
4,CSE,Female,H,97,95,Maybe,Yes,Daily,1,<2 hours,"Class notes, Textbook",0,2,Occasionally,80-90 %,7.5,7.5,0,Good
1,CSE,Male,H,93,96,Yes,Yes,Just before exam,2,>5 hours,"Online Tutorials, Class notes",0,0,Never,above 90 %,7.53,7.53,0,Good
3,CSE,Male,H,8.5,895,Yes,Yes,Just before exam,1,<2 hours,Online Tutorials,0,0,Occasionally,80-90 %,7.5,7.5,0,Good
3,Other,Female,H,76.8,62.2,Maybe,Yes,Daily,1,<2 hours,Online Tutorials,0,2,Always,80-90 %,7.17,7.17,0,Average
3,CSE,Female,H,98,97,Maybe,Occasionally,Just before exam,1,<2 hours,"Class notes, Textbook",0,0,Always,80-90 %,9.74,9.74,0,Excellent
3,CSE,Female,H,99,96,Maybe,No,Just before exam,0,>5 hours,"Online Tutorials, Class notes",1,0,Never,80-90 %,7.9,7.9,1,Average
1,CSE,Male,H,94,92,Maybe,Occasionally,Just before exam,0,>5 hours,Online Tutorials,0,0,Occasionally,75-80 %,8,8,0,Good
4,ECE,Female,H,95,98,Yes,Yes,Daily,1,<2 hours,"Online Tutorials, Class notes, Textbook",0,0,Always,above 90 %,9.1,9.1,0,Excellent
4,CSE,Female,H,95,96.2,Yes,Yes,Daily,2,2-5 hours,"Online Tutorials, Class notes, Textbook",0,0,Always,above 90 %,9.14,9.14,0,Excellent
4,CSE,Male,D,78,91,No,Yes,Just before exam,3,2-5 hours,"Online Tutorials, Class notes, Textbook",0,1,Occasionally,above 90 %,6.36,6.36,0,Below_average
3,ECE,Female,H,10,98,Maybe,Occasionally,Daily,2,2-5 hours,"Online Tutorials, Class notes, Textbook",0,0,Always,80-90 %,8.64,8.64,0,Excellent
4,CSE,Male,H,80,90,Maybe,Occasionally,Just before exam,2,2-5 hours,"Online Tutorials, Class notes",0,7,Never,80-90 %,5.8,5.8,0,Low
2,Other,Female,D,25,26,Maybe,Yes,Daily,3,<2 hours,"Online Tutorials, Class notes, Textbook",0,4,Always,above 90 %,6.2,6.2,0,Below_average
4,Other,Male,D,8,72,Yes,No,Just before exam,0,>5 hours,Textbook,1,3,Always,above 90 %,7.76,7.76,1,Average
4,ECE,Male,H,94,92,Maybe,Occasionally,Just before exam,1,>5 hours,Class notes,4 & above,6,Occasionally,75-80 %,5.03,5.03,4,Low
4,CSE,Female,D,95,91,Maybe,Yes,Just before exam,0,2-5 hours,"Online Tutorials, Class notes, Textbook",0,0,Occasionally,80-90 %,8.09,8.09,0,Good
4,EEE,Male,D,87,81,Maybe,No,Just before exam,0,>5 hours,Textbook,0,3,Always,above 90 %,8.3,8.3,0,Good
4,ECE,Female,H,87,80,No,Yes,Just before exam,1,>5 hours,Class notes,4 & above,8,Always,above 90 %,5,5,4,Low
4,ECE,Female,H,87,80,No,Yes,Just before exam,1,>5 hours,Class notes,4 & above,8,Always,above 90 %,5,5,4,Low
4,ECE,Female,H,97,97.4,Maybe,Yes,Just before exam,1,>5 hours,Class notes,0,0,Occasionally,above 90 %,9.03,9.03,0,Excellent
4,MEE,Male,H,7.7,63.3,Yes,No,Just before exam,0,>5 hours,Online Tutorials,0,1,Occasionally,75-80 %,7,7,0,Average
4,ECE,Female,H,95,96.6,Maybe,Yes,Just before exam,0,2-5 hours,Textbook,0,0,Occasionally,80-90 %,9,9,0,Excellent
4,EIE,Female,H,93,94,No,Yes,Just before exam,2,2-5 hours,Class notes,0,0,Always,above 90 %,6.9,6.9,0,Average
4,CSE,Female,H,95,90,Yes,Yes,Just before exam,2,>5 hours,"Class notes, Textbook",0,0,Occasionally,80-90 %,6,6,0,Below_average
4,ECE,Female,H,9.2,92.9,Yes,Occasionally,Just before exam,3,>5 hours,Class notes,0,1,Occasionally,80-90 %,6.3,6.3,0,Below_average
4,ECE,Male,H,85,84,Maybe,Yes,Daily,3,2-5 hours,"Online Tutorials, Class notes, Textbook",0,0,Occasionally,above 90 %,7.45,7.45,0,Average
4,ECE,Female,H,88,85.6,Yes,Yes,Just before exam,0,>5 hours,"Class notes, Textbook",0,0,Always,80-90 %,8.1,8.1,0,Good
4,ECE,Female,H,96,96.3,Yes,Yes,Daily,2,>5 hours,"Online Tutorials, Class notes, Textbook",0,0,Never,80-90 %,7,7,0,Average
4,ECE,Female,H,97,95.3,Maybe,Yes,Just before exam,1,2-5 hours,Class notes,0,0,Occasionally,80-90 %,8.83,8.83,0,Excellent
4,ECE,Female,H,86,860,No,Occasionally,Daily,1,2-5 hours,Class notes,4 & above,4,Occasionally,above 90 %,5,5,4,Low
4,ECE,Female,H,98,92,Maybe,Occasionally,Just before exam,0,>5 hours,"Class notes, Textbook",0,1,Never,75-80 %,6.14,6.14,0,Below_average
4,EIE,Female,H,98,95.9,No,Yes,Just before exam,1,>5 hours,"Class notes, Textbook",0,0,Occasionally,above 90 %,8.6,8.6,0,Excellent
4,ECE,Female,H,100,94,No,Occasionally,Just before exam,1,2-5 hours,Class notes,1,5,Occasionally,above 90 %,5.6,5.6,1,Low
4,ECE,Female,D,100,78,Maybe,Yes,Daily,1,2-5 hours,Textbook,0,0,Always,above 90 %,7.62,7.62,0,Good
4,EEE,Female,H,98,97,No,Occasionally,Just before exam,0,>5 hours,Class notes,0,0,Occasionally,80-90 %,9,9,0,Excellent
4,ECE,Female,H,96.8,90.7,Maybe,Yes,Just before exam,2,2-5 hours,Class notes,0,0,Occasionally,80-90 %,6.97,6.97,0,Average
4,MEE,Male,D,84,92.1,Maybe,Occasionally,Just before exam,0,>5 hours,Textbook,1,4,Occasionally,80-90 %,72,7.2,1,Below_average
4,ECE,Female,H,98,97,No,Yes,Just before exam,1,2-5 hours,Class notes,0,0,Occasionally,80-90 %,8,8,0,Good
3,EIE,Male,H,95,88,Yes,Yes,Just before exam,0,>5 hours,Class notes,4 & above,5,Always,above 90 %,4,4,4,Low
3,ECE,Male,H,88,85,Maybe,Yes,Just before exam,2,2-5 hours,"Online Tutorials, Class notes, Textbook",4 & above,6,Occasionally,80-90 %,3.5,3.5,4,Low
4,ECE,Female,D,95,92,Maybe,Occasionally,Just before exam,2,2-5 hours,Textbook,0,0,Occasionally,80-90 %,80,8,0,Good
3,EIE,Female,H,82,90,Maybe,Occasionally,Just before exam,1,2-5 hours,"Online Tutorials, Class notes, Textbook",4 & above,4,Occasionally,80-90 %,5,5,4,Low
4,ECE,Male,D,8.2,7.37,Maybe,Yes,Just before exam,0,>5 hours,"Class notes, Textbook",4 & above,9,Occasionally,80-90 %,65,6.5,4,Low
4,Other,Male,D,85,81,Yes,Occasionally,Just before exam,1,2-5 hours,Online Tutorials,2,2,Always,80-90 %,65,6.5,2,Low
4,ECE,Male,H,95,96.4,No,Occasionally,Just before exam,0,2-5 hours,Class notes,0,0,Always,above 90 %,8,8,0,Good
3,Other,Male,D,98,97,Yes,Occasionally,Just before exam,2,2-5 hours,Textbook,0,0,Occasionally,75-80 %,8,8,0,Good
3,ECE,Male,H,85,97,No,Occasionally,Just before exam,0,>5 hours,"Online Tutorials, Class notes",0,0,Occasionally,80-90 %,6.75,6.75,0,Average
3,CSE,Male,H,9.2,94.5,No,Occasionally,Just before exam,3,2-5 hours,"Online Tutorials, Class notes, Textbook",0,0,Occasionally,80-90 %,7.15,7.15,0,Average
3,EEE,Male,H,97,95,Yes,Occasionally,Just before exam,1,>5 hours,Class notes,0,0,Occasionally,80-90 %,7.42,7.42,0,Average
3,CSE,Male,D,78,82,Yes,Yes,Just before exam,3,2-5 hours,"Online Tutorials, Class notes, Textbook",0,0,Occasionally,above 90 %,8.1,8.1,0,Good
3,EIE,Female,D,98,98,Maybe,Yes,Just before exam,1,<2 hours,"Online Tutorials, Class notes, Textbook",0,1,Never,above 90 %,6.99,6.99,0,Average
4,CSE,Male,D,89,88,Yes,Yes,Daily,2,2-5 hours,"Class notes, Textbook",0,2,Occasionally,above 90 %,3.75,3.75,0,Low
4,CSE,Female,D,90,93,No,Occasionally,Just before exam,1,2-5 hours,Online Tutorials,0,0,Occasionally,75-80 %,8.7,8.7,0,Excellent
4,ECE,Male,H,79,77.5,Yes,Occasionally,Just before exam,1,>5 hours,"Online Tutorials, Class notes, Textbook",0,9,Occasionally,75-80 %,3.2,3.2,0,Low
4,ECE,Male,D,84,82,Yes,Occasionally,Just before exam,2,2-5 hours,"Online Tutorials, Textbook",0,3,Always,75-80 %,9,9,0,Excellent
4,CSE,Male,D,72,78,Yes,Occasionally,Just before exam,1,2-5 hours,"Online Tutorials, Textbook",0,5,Occasionally,80-90 %,7.2,7.2,0,Average
4,Other,Female,H,91.3,88,Maybe,Yes,Daily,2,<2 hours,"Class notes, Textbook",0,0,Always,above 90 %,7.76,7.76,0,Good
4,CSE,Male,D,76,69,Yes,No,Daily,3,<2 hours,"Online Tutorials, Textbook",0,2,Occasionally,above 90 %,58,5.8,0,Low
3,EIE,Female,H,100,96,No,Yes,Just before exam,1,2-5 hours,Class notes,0,0,Always,80-90 %,8.4,8.4,0,Good
4,Other,Male,D,8.3,65,Maybe,No,Just before exam,0,2-5 hours,"Online Tutorials, Class notes",0,4,Occasionally,75-80 %,7,7,0,Average
4,MEE,Female,H,87,82,Yes,Yes,Just before exam,2,2-5 hours,Online Tutorials,0,0,Always,75-80 %,8.1,8.1,0,Good
3,CSE,Male,H,93,95.6,Yes,Occasionally,Just before exam,1,2-5 hours,Online Tutorials,0,0,Always,80-90 %,6.66,6.66,0,Average
4,CSE,Female,H,95,96.1,Yes,Occasionally,Just before exam,1,>5 hours,Class notes,0,0,Occasionally,80-90 %,8.75,8.75,0,Excellent
4,EEE,Female,H,98,95.3,Yes,Yes,Daily,1,2-5 hours,Class notes,0,0,Occasionally,80-90 %,7.84,7.84,0,Good
3,EIE,Female,H,98,98.1,Maybe,Yes,Daily,1,2-5 hours,"Online Tutorials, Class notes, Textbook",0,0,Occasionally,above 90 %,7.7,7.7,0,Good
4,MEE,Female,H,95,93,Maybe,Occasionally,Just before exam,1,2-5 hours,"Online Tutorials, Class notes, Textbook",0,0,Always,80-90 %,8.27,8.27,0,Good
4,Other,Male,D,86,82,Yes,Yes,Daily,1,2-5 hours,"Class notes, Textbook",0,0,Occasionally,above 90 %,6.69,6.69,0,Average
4,ECE,Female,H,97,92.7,Maybe,Yes,Just before exam,1,2-5 hours,"Class notes, Textbook",0,0,Never,above 90 %,7.77,7.77,0,Good
3,EIE,Female,H,9.2,97.4,Yes,Yes,Just before exam,1,2-5 hours,Class notes,0,0,Occasionally,80-90 %,7.6,7.6,0,Good
1,CSE,Male,H,78,78,Maybe,Occasionally,Just before exam,1,2-5 hours,"Online Tutorials, Class notes, Textbook",2,0,Occasionally,80-90 %,4.7,4.7,2,Low
4,MEE,Male,H,7.7,63.3,Yes,No,Just before exam,0,>5 hours,Online Tutorials,0,1,Occasionally,75-80 %,7,7,0,Average
1,CSE,Female,H,9.2,950,Yes,Yes,Daily,2,2-5 hours,"Online Tutorials, Class notes",1,1,Occasionally,80-90 %,6.5,6.5,1,Below_average
1,CSE,Male,H,9,9.5,Yes,No,Daily,2,2-5 hours,"Online Tutorials, Class notes, Textbook",0,0,Occasionally,80-90 %,7.5,7.5,0,Good
1,Other,Female,D,9,9.5,Yes,No,Just before exam,2,2-5 hours,Class notes,2,2,Occasionally,80-90 %,5.5,5.5,2,Low
1,Other,Female,D,9.5,850,Yes,Yes,Just before exam,1,2-5 hours,"Online Tutorials, Class notes",0,0,Occasionally,80-90 %,7,7,0,Average
2,EEE,Male,D,7.8,858,Yes,Yes,Daily,0,2-5 hours,Class notes,0,0,Never,80-90 %,9,9,0,Excellent
1,EEE,Female,D,9,950,Yes,Yes,Just before exam,1,2-5 hours,Class notes,0,0,Occasionally,80-90 %,8.5,8.5,0,Excellent
1,MEE,Male,H,8,950,Yes,Yes,Just before exam,2,2-5 hours,Class notes,0,0,Occasionally,80-90 %,8,8,0,Good
2,ECE,Male,H,9,9,Yes,Yes,Just before exam,0,<2 hours,Class notes,2,0,Occasionally,80-90 %,9,9,2,Low
4,MEE,Male,D,97,92,Yes,No,Just before exam,0,2-5 hours,Online Tutorials,2,7,Occasionally,75-80 %,7,7,2,Low
4,CSE,Male,H,80,90,Maybe,Occasionally,Just before exam,2,2-5 hours,"Online Tutorials, Class notes",0,7,Never,80-90 %,5.8,5.8,0,Low
4,CSE,Male,H,85,90,No,Occasionally,Just before exam,2,2-5 hours,"Online Tutorials, Class notes",0,0,Never,80-90 %,6.8,6.8,0,Average
1,ECE,Male,H,8,860,Yes,No,Just before exam,0,2-5 hours,Class notes,2,2,Occasionally,75-80 %,5,5,2,Low
3,CSE,Male,H,97,95.5,Maybe,Occasionally,Daily,3,2-5 hours,"Online Tutorials, Class notes",0,0,Never,above 90 %,7.3,7.3,0,Average
4,EEE,Female,D,90,88,Yes,Yes,Just before exam,2,>5 hours,"Online Tutorials, Class notes, Textbook",0,0,Occasionally,80-90 %,9,9,0,Excellent
4,CSE,Female,D,83,63,Maybe,Yes,Daily,2,2-5 hours,Online Tutorials,0,0,Occasionally,80-90 %,6.3,6.3,0,Below_average
4,EEE,Female,D,90,88,Yes,Yes,Just before exam,2,>5 hours,"Online Tutorials, Class notes, Textbook",0,0,Occasionally,80-90 %,9,9,0,Excellent
3,ECE,Male,H,9.5,85,Maybe,Occasionally,Daily,0,>5 hours,Class notes,1,2,Occasionally,75-80 %,6.94,6.94,1,Below_average
2,MEE,Male,H,8.6,88,No,Yes,Just before exam,0,>5 hours,"Class notes, Textbook",4 & above,3,Never,75-80 %,4.7,4.7,4,Low
2,Other,Male,D,90,80,Maybe,Occasionally,Just before exam,1,2-5 hours,"Online Tutorials, Class notes",0,0,Occasionally,75-80 %,8.5,8.5,0,Excellent
1,MEE,Male,D,98,97,No,No,Daily,1,>5 hours,"Class notes, Textbook",0,0,Occasionally,75-80 %,8.9,8.9,0,Excellent
3,EEE,Male,H,8.9,89,No,Yes,Just before exam,1,>5 hours,"Online Tutorials, Class notes, Textbook",2,0,Occasionally,75-80 %,7.5,7.5,2,Low
3,ECE,Male,H,89,90,Yes,No,Daily,0,>5 hours,Class notes,0,0,Occasionally,80-90 %,6.4,6.4,0,Below_average
1,ECE,Male,D,8.3,91,No,No,Just before exam,0,>5 hours,"Class notes, Textbook",4 & above,7,Always,75-80 %,4.3,4.3,4,Low
